{
"type": "FeatureCollection",
"name": "POTREROS BUFALO",
"features": [
{ "type": "Feature", "properties": { "Name": "CONFINAMIENTO A-1" }, "geometry": { "type": "Polygon", "coordinates": [ [ [ -58.5835086, -21.2991173, 0.0 ], [ -58.5844742, -21.2991236, 0.0 ], [ -58.5844675, -21.2996121, 0.0 ], [ -58.5835046, -21.2995859, 0.0 ], [ -58.5835086, -21.2991173, 0.0 ] ] ] } },
{ "type": "Feature", "properties": { "Name": "CONFINAMIENTO A-2" }, "geometry": { "type": "Polygon", "coordinates": [ [ [ -58.5844801, -21.298683, 0.0 ], [ -58.5844742, -21.2991236, 0.0 ], [ -58.5835086, -21.2991173, 0.0 ], [ -58.5835145, -21.2986655, 0.0 ], [ -58.5844801, -21.298683, 0.0 ] ] ] } },
{ "type": "Feature", "properties": { "Name": "CONFINAMIENTO A-3" }, "geometry": { "type": "Polygon", "coordinates": [ [ [ -58.5835226, -21.298202, 0.0 ], [ -58.5844882, -21.2982332, 0.0 ], [ -58.5844801, -21.298683, 0.0 ], [ -58.5835145, -21.2986655, 0.0 ], [ -58.5835226, -21.298202, 0.0 ] ] ] } },
{ "type": "Feature", "properties": { "Name": "CONFINAMIENTO A-7" }, "geometry": { "type": "Polygon", "coordinates": [ [ [ -58.5835525, -21.2964043, 0.0 ], [ -58.5845154, -21.296423, 0.0 ], [ -58.584507, -21.2968816, 0.0 ], [ -58.5835428, -21.2968616, 0.0 ], [ -58.5835525, -21.2964043, 0.0 ] ] ] } },
{ "type": "Feature", "properties": { "Name": "CONFINAMIENTO A-4" }, "geometry": { "type": "Polygon", "coordinates": [ [ [ -58.5835314, -21.2977577, 0.0 ], [ -58.5844983, -21.2977902, 0.0 ], [ -58.5844882, -21.2982332, 0.0 ], [ -58.5835226, -21.298202, 0.0 ], [ -58.5835314, -21.2977577, 0.0 ] ] ] } },
{ "type": "Feature", "properties": { "Name": "CONFINAMIENTO A-5" }, "geometry": { "type": "Polygon", "coordinates": [ [ [ -58.5835377, -21.2973139, 0.0 ], [ -58.5845019, -21.2973439, 0.0 ], [ -58.5844983, -21.2977902, 0.0 ], [ -58.5835314, -21.2977577, 0.0 ], [ -58.5835377, -21.2973139, 0.0 ] ] ] } },
{ "type": "Feature", "properties": { "Name": "CONFINAMIENTO A-6" }, "geometry": { "type": "Polygon", "coordinates": [ [ [ -58.5835428, -21.2968616, 0.0 ], [ -58.584507, -21.2968816, 0.0 ], [ -58.5845019, -21.2973439, 0.0 ], [ -58.5835377, -21.2973139, 0.0 ], [ -58.5835428, -21.2968616, 0.0 ] ] ] } },
{ "type": "Feature", "properties": { "Name": "CONFINAMIENTO A-9" }, "geometry": { "type": "Polygon", "coordinates": [ [ [ -58.5835702, -21.2955087, 0.0 ], [ -58.5845277, -21.2955324, 0.0 ], [ -58.5845221, -21.295957, 0.0 ], [ -58.5835645, -21.2959195, 0.0 ], [ -58.5835702, -21.2955087, 0.0 ] ] ] } },
{ "type": "Feature", "properties": { "Name": "CONFINAMIENTO A-10" }, "geometry": { "type": "Polygon", "coordinates": [ [ [ -58.5835788, -21.2950546, 0.0 ], [ -58.5845376, -21.2950858, 0.0 ], [ -58.5845277, -21.2955324, 0.0 ], [ -58.5835702, -21.2955087, 0.0 ], [ -58.5835788, -21.2950546, 0.0 ] ] ] } },
{ "type": "Feature", "properties": { "Name": "CONFINAMIENTO B-1" }, "geometry": { "type": "Polygon", "coordinates": [ [ [ -58.5848693, -21.2991312, 0.0 ], [ -58.5858215, -21.2991537, 0.0 ], [ -58.5858175, -21.299666, 0.0 ], [ -58.5848505, -21.2996235, 0.0 ], [ -58.5848693, -21.2991312, 0.0 ] ] ] } },
{ "type": "Feature", "properties": { "Name": "CONFINAMIENTO B-2" }, "geometry": { "type": "Polygon", "coordinates": [ [ [ -58.5848653, -21.2986889, 0.0 ], [ -58.5858349, -21.2987214, 0.0 ], [ -58.5858215, -21.2991537, 0.0 ], [ -58.5848693, -21.2991312, 0.0 ], [ -58.5848653, -21.2986889, 0.0 ] ] ] } },
{ "type": "Feature", "properties": { "Name": "CONFINAMIENTO B-3" }, "geometry": { "type": "Polygon", "coordinates": [ [ [ -58.5858477, -21.2982816, 0.0 ], [ -58.5858349, -21.2987214, 0.0 ], [ -58.5848653, -21.2986889, 0.0 ], [ -58.5848781, -21.2982428, 0.0 ], [ -58.5858477, -21.2982816, 0.0 ] ] ] } },
{ "type": "Feature", "properties": { "Name": "CONFINAMIENTO B-5" }, "geometry": { "type": "Polygon", "coordinates": [ [ [ -58.5848843, -21.2973544, 0.0 ], [ -58.5858633, -21.2973881, 0.0 ], [ -58.5858545, -21.2978355, 0.0 ], [ -58.5848835, -21.2977967, 0.0 ], [ -58.5848843, -21.2973544, 0.0 ] ] ] } },
{ "type": "Feature", "properties": { "Name": "CONFINAMIENTO B-4" }, "geometry": { "type": "Polygon", "coordinates": [ [ [ -58.5848835, -21.2977967, 0.0 ], [ -58.5858545, -21.2978355, 0.0 ], [ -58.5858477, -21.2982816, 0.0 ], [ -58.5848781, -21.2982428, 0.0 ], [ -58.5848835, -21.2977967, 0.0 ] ] ] } },
{ "type": "Feature", "properties": { "Name": "CONFINAMIENTO B-9" }, "geometry": { "type": "Polygon", "coordinates": [ [ [ -58.5859005, -21.2955896, 0.0 ], [ -58.5858925, -21.2960457, 0.0 ], [ -58.584896, -21.2959732, 0.0 ], [ -58.5849068, -21.2955483, 0.0 ], [ -58.5859005, -21.2955896, 0.0 ] ] ] } },
{ "type": "Feature", "properties": { "Name": "CONFINAMIENTO B-6" }, "geometry": { "type": "Polygon", "coordinates": [ [ [ -58.585879, -21.2969298, 0.0 ], [ -58.5858633, -21.2973881, 0.0 ], [ -58.5848843, -21.2973544, 0.0 ], [ -58.5848865, -21.296901, 0.0 ], [ -58.585879, -21.2969298, 0.0 ] ] ] } },
{ "type": "Feature", "properties": { "Name": "CONFINAMIENTO B-7" }, "geometry": { "type": "Polygon", "coordinates": [ [ [ -58.5858803, -21.2964762, 0.0 ], [ -58.585879, -21.2969298, 0.0 ], [ -58.5848865, -21.296901, 0.0 ], [ -58.5848946, -21.2964362, 0.0 ], [ -58.5858803, -21.2964762, 0.0 ] ] ] } },
{ "type": "Feature", "properties": { "Name": "CONFINAMIENTO B-10" }, "geometry": { "type": "Polygon", "coordinates": [ [ [ -58.5859086, -21.2951435, 0.0 ], [ -58.5859005, -21.2955896, 0.0 ], [ -58.5849068, -21.2955483, 0.0 ], [ -58.5849148, -21.2950998, 0.0 ], [ -58.5859086, -21.2951435, 0.0 ] ] ] } },
{ "type": "Feature", "properties": { "Name": "C3 NATURAL" }, "geometry": { "type": "Polygon", "coordinates": [ [ [ -58.535548, -21.318188, 0.0 ], [ -58.5603648, -21.3181986, 0.0 ], [ -58.5603762, -21.3362078, 0.0 ], [ -58.535558, -21.336693, 0.0 ], [ -58.535548, -21.318188, 0.0 ] ] ] } },
{ "type": "Feature", "properties": { "Name": "C4 NATURAL" }, "geometry": { "type": "Polygon", "coordinates": [ [ [ -58.535637, -21.336813, 0.0 ], [ -58.5468613, -21.3365707, 0.0 ], [ -58.546789, -21.348809, 0.0 ], [ -58.535631, -21.348757, 0.0 ], [ -58.535637, -21.336813, 0.0 ] ] ] } },
{ "type": "Feature", "properties": { "Name": "C5 NATURAL" }, "geometry": { "type": "Polygon", "coordinates": [ [ [ -58.546789, -21.348809, 0.0 ], [ -58.5468613, -21.3365707, 0.0 ], [ -58.5603596, -21.3362581, 0.0 ], [ -58.5604345, -21.3489219, 0.0 ], [ -58.546789, -21.348809, 0.0 ] ] ] } },
{ "type": "Feature", "properties": { "Name": "C6A" }, "geometry": { "type": "Polygon", "coordinates": [ [ [ -58.5716332, -21.3359115, 0.0 ], [ -58.5716586, -21.3352407, 0.0 ], [ -58.5733987, -21.3343207, 0.0 ], [ -58.5743019, -21.332841, 0.0 ], [ -58.5740256, -21.3266333, 0.0 ], [ -58.5693292, -21.3213851, 0.0 ], [ -58.56676, -21.320603, 0.0 ], [ -58.5666916, -21.3181631, 0.0 ], [ -58.5817518, -21.3181654, 0.0 ], [ -58.5816935, -21.3354731, 0.0 ], [ -58.5815299, -21.3356717, 0.0 ], [ -58.5716332, -21.3359115, 0.0 ] ] ] } },
{ "type": "Feature", "properties": { "Name": "C1 NATURAL" }, "geometry": { "type": "Polygon", "coordinates": [ [ [ -58.5818872, -21.3220594, 0.0 ], [ -58.5818335, -21.3181015, 0.0 ], [ -58.5464679, -21.3181364, 0.0 ], [ -58.5468477, -21.3093098, 0.0 ], [ -58.5567261, -21.3119824, 0.0 ], [ -58.5601231, -21.3079361, 0.0 ], [ -58.5659961, -21.307707, 0.0 ], [ -58.5679086, -21.3094154, 0.0 ], [ -58.5683683, -21.3097233, 0.0 ], [ -58.5796561, -21.3123822, 0.0 ], [ -58.5797366, -21.3125096, 0.0 ], [ -58.5792937, -21.3165312, 0.0 ], [ -58.5817373, -21.3175965, 0.0 ], [ -58.5832592, -21.3179377, 0.0 ], [ -58.5837559, -21.3183705, 0.0 ], [ -58.5835191, -21.319334, 0.0 ], [ -58.5830172, -21.3197326, 0.0 ], [ -58.5818872, -21.3220594, 0.0 ] ] ] } },
{ "type": "Feature", "properties": { "Name": "C2 NATURAL" }, "geometry": { "type": "Polygon", "coordinates": [ [ [ -58.5467651, -21.3093833, 0.0 ], [ -58.5464679, -21.3181364, 0.0 ], [ -58.5118923, -21.3182017, 0.0 ], [ -58.5119035, -21.3082961, 0.0 ], [ -58.526064, -21.3091338, 0.0 ], [ -58.5290018, -21.3084493, 0.0 ], [ -58.529152, -21.3084393, 0.0 ], [ -58.536267, -21.3126437, 0.0 ], [ -58.53989, -21.3130791, 0.0 ], [ -58.5467651, -21.3093833, 0.0 ] ] ] } },
{ "type": "Feature", "properties": { "Name": "C6B" }, "geometry": { "type": "Polygon", "coordinates": [ [ [ -58.5605842, -21.3361869, 0.0 ], [ -58.5604434, -21.3361307, 0.0 ], [ -58.5604735, -21.3182001, 0.0 ], [ -58.5666916, -21.3181631, 0.0 ], [ -58.56676, -21.320603, 0.0 ], [ -58.5652203, -21.321137, 0.0 ], [ -58.5637612, -21.3226961, 0.0 ], [ -58.56286, -21.3237355, 0.0 ], [ -58.562642, -21.3263952, 0.0 ], [ -58.5640582, -21.3288737, 0.0 ], [ -58.5667618, -21.3319918, 0.0 ], [ -58.570238, -21.3351498, 0.0 ], [ -58.571622, -21.3352198, 0.0 ], [ -58.571628, -21.3355172, 0.0 ], [ -58.5716332, -21.3359115, 0.0 ], [ -58.5605842, -21.3361869, 0.0 ] ] ] } },
{ "type": "Feature", "properties": { "Name": "C5 NATURAL" }, "geometry": { "type": "Polygon", "coordinates": [ [ [ -58.5149358, -21.3084796, 0.0 ], [ -58.5119035, -21.3082961, 0.0 ], [ -58.5118329, -21.3017299, 0.0 ], [ -58.5154281, -21.301711, 0.0 ], [ -58.5167819, -21.3061411, 0.0 ], [ -58.5149358, -21.3084796, 0.0 ] ] ] } },
{ "type": "Feature", "properties": { "Name": "CA5" }, "geometry": { "type": "Polygon", "coordinates": [ [ [ -58.526064, -21.3091338, 0.0 ], [ -58.5149358, -21.3084796, 0.0 ], [ -58.5167819, -21.3061411, 0.0 ], [ -58.5154111, -21.3016499, 0.0 ], [ -58.5261435, -21.3016948, 0.0 ], [ -58.526064, -21.3091338, 0.0 ] ] ] } },
{ "type": "Feature", "properties": { "Name": "CA15" }, "geometry": { "type": "Polygon", "coordinates": [ [ [ -58.574231, -21.3016894, 0.0 ], [ -58.5801204, -21.3016862, 0.0 ], [ -58.5803644, -21.3019673, 0.0 ], [ -58.5797567, -21.3122708, 0.0 ], [ -58.5796561, -21.3123822, 0.0 ], [ -58.5748038, -21.3112412, 0.0 ], [ -58.5748593, -21.3100564, 0.0 ], [ -58.5739876, -21.3099077, 0.0 ], [ -58.574231, -21.3016894, 0.0 ] ] ] } },
{ "type": "Feature", "properties": { "Name": "CA14" }, "geometry": { "type": "Polygon", "coordinates": [ [ [ -58.5681209, -21.3016824, 0.0 ], [ -58.574231, -21.3016894, 0.0 ], [ -58.5739876, -21.3099077, 0.0 ], [ -58.5729712, -21.3097333, 0.0 ], [ -58.5730846, -21.3108371, 0.0 ], [ -58.5683683, -21.3097233, 0.0 ], [ -58.5680159, -21.3094864, 0.0 ], [ -58.5681209, -21.3016824, 0.0 ] ] ] } },
{ "type": "Feature", "properties": { "Name": "CA13" }, "geometry": { "type": "Polygon", "coordinates": [ [ [ -58.5640883, -21.3016868, 0.0 ], [ -58.5681209, -21.3016824, 0.0 ], [ -58.5680159, -21.3094864, 0.0 ], [ -58.5679086, -21.3094154, 0.0 ], [ -58.5659961, -21.307707, 0.0 ], [ -58.563039, -21.307821, 0.0 ], [ -58.5631118, -21.303199, 0.0 ], [ -58.5640519, -21.303159, 0.0 ], [ -58.5640883, -21.3016868, 0.0 ] ] ] } },
{ "type": "Feature", "properties": { "Name": "CA12" }, "geometry": { "type": "Polygon", "coordinates": [ [ [ -58.5631118, -21.303199, 0.0 ], [ -58.563039, -21.307821, 0.0 ], [ -58.5601231, -21.3079361, 0.0 ], [ -58.5574751, -21.3110897, 0.0 ], [ -58.5574586, -21.3016702, 0.0 ], [ -58.5629433, -21.3016886, 0.0 ], [ -58.5626084, -21.3032101, 0.0 ], [ -58.5631118, -21.303199, 0.0 ] ] ] } },
{ "type": "Feature", "properties": { "Name": "CA11" }, "geometry": { "type": "Polygon", "coordinates": [ [ [ -58.5574586, -21.3016702, 0.0 ], [ -58.5574751, -21.3110897, 0.0 ], [ -58.5567261, -21.3119824, 0.0 ], [ -58.5524478, -21.3108226, 0.0 ], [ -58.552592, -21.3037046, 0.0 ], [ -58.5531811, -21.3037118, 0.0 ], [ -58.5534212, -21.3016782, 0.0 ], [ -58.5574586, -21.3016702, 0.0 ] ] ] } },
{ "type": "Feature", "properties": { "Name": "CA10" }, "geometry": { "type": "Polygon", "coordinates": [ [ [ -58.552592, -21.3037046, 0.0 ], [ -58.5524478, -21.3108226, 0.0 ], [ -58.5468477, -21.3093098, 0.0 ], [ -58.5468832, -21.301692, 0.0 ], [ -58.5516027, -21.3016802, 0.0 ], [ -58.551423, -21.3037162, 0.0 ], [ -58.552592, -21.3037046, 0.0 ] ] ] } },
{ "type": "Feature", "properties": { "Name": "CA9" }, "geometry": { "type": "Polygon", "coordinates": [ [ [ -58.5418884, -21.312007, 0.0 ], [ -58.5420004, -21.3036083, 0.0 ], [ -58.5426728, -21.303623, 0.0 ], [ -58.5426813, -21.3016831, 0.0 ], [ -58.5468832, -21.301692, 0.0 ], [ -58.5468477, -21.3093098, 0.0 ], [ -58.5418884, -21.312007, 0.0 ] ] ] } },
{ "type": "Feature", "properties": { "Name": "CA8" }, "geometry": { "type": "Polygon", "coordinates": [ [ [ -58.5412278, -21.3016903, 0.0 ], [ -58.5409459, -21.3035991, 0.0 ], [ -58.5420004, -21.3036083, 0.0 ], [ -58.5418884, -21.312007, 0.0 ], [ -58.53989, -21.3130791, 0.0 ], [ -58.536267, -21.3126437, 0.0 ], [ -58.5361257, -21.3125598, 0.0 ], [ -58.5362633, -21.3017001, 0.0 ], [ -58.5412278, -21.3016903, 0.0 ] ] ] } },
{ "type": "Feature", "properties": { "Name": "CA7" }, "geometry": { "type": "Polygon", "coordinates": [ [ [ -58.5319093, -21.3016928, 0.0 ], [ -58.5362633, -21.3017001, 0.0 ], [ -58.5361257, -21.3125598, 0.0 ], [ -58.5314284, -21.3097859, 0.0 ], [ -58.5314371, -21.3035953, 0.0 ], [ -58.5319699, -21.3034534, 0.0 ], [ -58.5319093, -21.3016928, 0.0 ] ] ] } },
{ "type": "Feature", "properties": { "Name": "CA6" }, "geometry": { "type": "Polygon", "coordinates": [ [ [ -58.5306904, -21.3016982, 0.0 ], [ -58.5307192, -21.3037186, 0.0 ], [ -58.5314371, -21.3035953, 0.0 ], [ -58.5314284, -21.3097859, 0.0 ], [ -58.529152, -21.3084393, 0.0 ], [ -58.5290018, -21.3084493, 0.0 ], [ -58.526064, -21.3091338, 0.0 ], [ -58.5261435, -21.3016948, 0.0 ], [ -58.5306904, -21.3016982, 0.0 ] ] ] } },
{ "type": "Feature", "properties": { "Name": "CA4" }, "geometry": { "type": "Polygon", "coordinates": [ [ [ -58.5373248, -21.2960467, 0.0 ], [ -58.5372689, -21.3014413, 0.0 ], [ -58.5255815, -21.301425, 0.0 ], [ -58.5255534, -21.301315, 0.0 ], [ -58.5255746, -21.2960222, 0.0 ], [ -58.5373248, -21.2960467, 0.0 ] ] ] } },
{ "type": "Feature", "properties": { "Name": "CA3" }, "geometry": { "type": "Polygon", "coordinates": [ [ [ -58.5477731, -21.2960592, 0.0 ], [ -58.547841, -21.3015316, 0.0 ], [ -58.5374802, -21.3015153, 0.0 ], [ -58.537388, -21.3014458, 0.0 ], [ -58.5372689, -21.3014413, 0.0 ], [ -58.5373248, -21.2960467, 0.0 ], [ -58.5477731, -21.2960592, 0.0 ] ] ] } },
{ "type": "Feature", "properties": { "Name": "CA2" }, "geometry": { "type": "Polygon", "coordinates": [ [ [ -58.5477731, -21.2960592, 0.0 ], [ -58.5573846, -21.2960763, 0.0 ], [ -58.5574968, -21.3015241, 0.0 ], [ -58.547841, -21.3015316, 0.0 ], [ -58.5477731, -21.2960592, 0.0 ] ] ] } },
{ "type": "Feature", "properties": { "Name": "CA1" }, "geometry": { "type": "Polygon", "coordinates": [ [ [ -58.5681666, -21.2961047, 0.0 ], [ -58.5682434, -21.301527, 0.0 ], [ -58.5574968, -21.3015241, 0.0 ], [ -58.5573846, -21.2960763, 0.0 ], [ -58.5681666, -21.2961047, 0.0 ] ] ] } },
{ "type": "Feature", "properties": { "Name": "2G" }, "geometry": { "type": "Polygon", "coordinates": [ [ [ -58.5264114, -21.2960253, 0.0 ], [ -58.5264197, -21.2901961, 0.0 ], [ -58.5294471, -21.2902916, 0.0 ], [ -58.5341576, -21.294505, 0.0 ], [ -58.536839, -21.2945641, 0.0 ], [ -58.5371615, -21.2941127, 0.0 ], [ -58.537323, -21.2942225, 0.0 ], [ -58.5373248, -21.2960467, 0.0 ], [ -58.5264114, -21.2960253, 0.0 ] ] ] } },
{ "type": "Feature", "properties": { "Name": "2H" }, "geometry": { "type": "Polygon", "coordinates": [ [ [ -58.537323, -21.2942225, 0.0 ], [ -58.5373299, -21.2938036, 0.0 ], [ -58.5407853, -21.2892962, 0.0 ], [ -58.5429309, -21.2893759, 0.0 ], [ -58.5427895, -21.291126, 0.0 ], [ -58.5453257, -21.2920143, 0.0 ], [ -58.545388, -21.2960588, 0.0 ], [ -58.5373248, -21.2960467, 0.0 ], [ -58.537323, -21.2942225, 0.0 ] ] ] } },
{ "type": "Feature", "properties": { "Name": "CB1" }, "geometry": { "type": "Polygon", "coordinates": [ [ [ -58.5887459, -21.2999711, 0.0 ], [ -58.5885294, -21.3040186, 0.0 ], [ -58.5821594, -21.303888, 0.0 ], [ -58.5821583, -21.3033176, 0.0 ], [ -58.5805856, -21.3033661, 0.0 ], [ -58.5807646, -21.2996054, 0.0 ], [ -58.5832605, -21.299747, 0.0 ], [ -58.5846311, -21.2997895, 0.0 ], [ -58.585912, -21.2998575, 0.0 ], [ -58.585912, -21.2998125, 0.0 ], [ -58.5883423, -21.2997974, 0.0 ], [ -58.5885501, -21.299785, 0.0 ], [ -58.5887459, -21.2999711, 0.0 ] ] ] } },
{ "type": "Feature", "properties": { "Name": "CB2" }, "geometry": { "type": "Polygon", "coordinates": [ [ [ -58.5885294, -21.3040186, 0.0 ], [ -58.5882268, -21.3089938, 0.0 ], [ -58.5806227, -21.3090055, 0.0 ], [ -58.5806053, -21.308163, 0.0 ], [ -58.5803572, -21.3081576, 0.0 ], [ -58.5805408, -21.3042696, 0.0 ], [ -58.5821641, -21.3042957, 0.0 ], [ -58.5821594, -21.303888, 0.0 ], [ -58.5885294, -21.3040186, 0.0 ] ] ] } },
{ "type": "Feature", "properties": { "Name": "CB3" }, "geometry": { "type": "Polygon", "coordinates": [ [ [ -58.5887459, -21.2999711, 0.0 ], [ -58.5890212, -21.2997722, 0.0 ], [ -58.5967194, -21.2999663, 0.0 ], [ -58.5969018, -21.3000425, 0.0 ], [ -58.5958608, -21.3089542, 0.0 ], [ -58.5882268, -21.3089938, 0.0 ], [ -58.5887459, -21.2999711, 0.0 ] ] ] } },
{ "type": "Feature", "properties": { "Name": "CB4" }, "geometry": { "type": "Polygon", "coordinates": [ [ [ -58.5969018, -21.3000425, 0.0 ], [ -58.5970966, -21.2999707, 0.0 ], [ -58.6055493, -21.3001435, 0.0 ], [ -58.6056032, -21.3089184, 0.0 ], [ -58.5958608, -21.3089542, 0.0 ], [ -58.5969018, -21.3000425, 0.0 ] ] ] } },
{ "type": "Feature", "properties": { "Name": "CB8" }, "geometry": { "type": "Polygon", "coordinates": [ [ [ -58.5988784, -21.3089444, 0.0 ], [ -58.6056032, -21.3089184, 0.0 ], [ -58.6056459, -21.3178544, 0.0 ], [ -58.5992374, -21.3178359, 0.0 ], [ -58.5992777, -21.3165083, 0.0 ], [ -58.5987359, -21.3164858, 0.0 ], [ -58.5988784, -21.3089444, 0.0 ] ] ] } },
{ "type": "Feature", "properties": { "Name": "CB7" }, "geometry": { "type": "Polygon", "coordinates": [ [ [ -58.5979106, -21.3178348, 0.0 ], [ -58.591552, -21.3178179, 0.0 ], [ -58.5918447, -21.3089706, 0.0 ], [ -58.5988784, -21.3089444, 0.0 ], [ -58.5987359, -21.3164858, 0.0 ], [ -58.5979885, -21.3164481, 0.0 ], [ -58.5979106, -21.3178348, 0.0 ] ] ] } },
{ "type": "Feature", "properties": { "Name": "CB5" }, "geometry": { "type": "Polygon", "coordinates": [ [ [ -58.58558, -21.3090001, 0.0 ], [ -58.5857289, -21.316586, 0.0 ], [ -58.5849312, -21.3165329, 0.0 ], [ -58.5850043, -21.3177881, 0.0 ], [ -58.584069, -21.317794, 0.0 ], [ -58.5799732, -21.3162817, 0.0 ], [ -58.5797006, -21.3161951, 0.0 ], [ -58.5801159, -21.3113749, 0.0 ], [ -58.580136, -21.3111051, 0.0 ], [ -58.5801669, -21.3110189, 0.0 ], [ -58.5802071, -21.3109851, 0.0 ], [ -58.5803323, -21.3108813, 0.0 ], [ -58.5805321, -21.3108088, 0.0 ], [ -58.5806461, -21.3108038, 0.0 ], [ -58.5806438, -21.3109224, 0.0 ], [ -58.5812541, -21.3108799, 0.0 ], [ -58.5812238, -21.3103771, 0.0 ], [ -58.5811272, -21.3102921, 0.0 ], [ -58.5809114, -21.3102008, 0.0 ], [ -58.5809329, -21.3099709, 0.0 ], [ -58.5806325, -21.3094311, 0.0 ], [ -58.5806227, -21.3090055, 0.0 ], [ -58.58558, -21.3090001, 0.0 ] ] ] } },
{ "type": "Feature", "properties": { "Name": "CB6" }, "geometry": { "type": "Polygon", "coordinates": [ [ [ -58.58558, -21.3090001, 0.0 ], [ -58.5918447, -21.3089706, 0.0 ], [ -58.591552, -21.3178179, 0.0 ], [ -58.5865009, -21.3178023, 0.0 ], [ -58.5864938, -21.3166376, 0.0 ], [ -58.5857289, -21.316586, 0.0 ], [ -58.58558, -21.3090001, 0.0 ] ] ] } },
{ "type": "Feature", "properties": { "Name": "CB10" }, "geometry": { "type": "Polygon", "coordinates": [ [ [ -58.6236174, -21.3088406, 0.0 ], [ -58.6329143, -21.3088255, 0.0 ], [ -58.6332722, -21.3179044, 0.0 ], [ -58.6236816, -21.3178924, 0.0 ], [ -58.6236174, -21.3088406, 0.0 ] ] ] } },
{ "type": "Feature", "properties": { "Name": "CB9" }, "geometry": { "type": "Polygon", "coordinates": [ [ [ -58.6096933, -21.3178656, 0.0 ], [ -58.6056459, -21.3178544, 0.0 ], [ -58.6056032, -21.3089184, 0.0 ], [ -58.6099439, -21.308905, 0.0 ], [ -58.6096933, -21.3178656, 0.0 ] ] ] } },
{ "type": "Feature", "properties": { "Name": "CAMPO FARDO 1" }, "geometry": { "type": "Polygon", "coordinates": [ [ [ -58.6166846, -21.3088688, 0.0 ], [ -58.6167473, -21.3178821, 0.0 ], [ -58.6096933, -21.3178656, 0.0 ], [ -58.6099439, -21.308905, 0.0 ], [ -58.6166846, -21.3088688, 0.0 ] ] ] } },
{ "type": "Feature", "properties": { "Name": "CAMPO FARDO 2" }, "geometry": { "type": "Polygon", "coordinates": [ [ [ -58.6236174, -21.3088406, 0.0 ], [ -58.6236816, -21.3178924, 0.0 ], [ -58.6167473, -21.3178821, 0.0 ], [ -58.6166846, -21.3088688, 0.0 ], [ -58.6236174, -21.3088406, 0.0 ] ] ] } },
{ "type": "Feature", "properties": { "Name": "CC2" }, "geometry": { "type": "Polygon", "coordinates": [ [ [ -58.6291299, -21.3288828, 0.0 ], [ -58.629109, -21.3180981, 0.0 ], [ -58.6332187, -21.3181279, 0.0 ], [ -58.6334937, -21.3288814, 0.0 ], [ -58.6291299, -21.3288828, 0.0 ] ] ] } },
{ "type": "Feature", "properties": { "Name": "CC3" }, "geometry": { "type": "Polygon", "coordinates": [ [ [ -58.6236924, -21.3180911, 0.0 ], [ -58.629109, -21.3180981, 0.0 ], [ -58.6291299, -21.3288828, 0.0 ], [ -58.6239565, -21.3288699, 0.0 ], [ -58.6236924, -21.3180911, 0.0 ] ] ] } },
{ "type": "Feature", "properties": { "Name": "CC1" }, "geometry": { "type": "Polygon", "coordinates": [ [ [ -58.6291494, -21.3360037, 0.0 ], [ -58.6291299, -21.3288828, 0.0 ], [ -58.6334937, -21.3288814, 0.0 ], [ -58.6336486, -21.3361201, 0.0 ], [ -58.6291494, -21.3360037, 0.0 ] ] ] } },
{ "type": "Feature", "properties": { "Name": "CC4" }, "geometry": { "type": "Polygon", "coordinates": [ [ [ -58.6164042, -21.3241362, 0.0 ], [ -58.6163519, -21.3197477, 0.0 ], [ -58.6168907, -21.3197928, 0.0 ], [ -58.6169028, -21.3180905, 0.0 ], [ -58.6236924, -21.3180911, 0.0 ], [ -58.6238376, -21.3240874, 0.0 ], [ -58.6164042, -21.3241362, 0.0 ] ] ] } },
{ "type": "Feature", "properties": { "Name": "CC5" }, "geometry": { "type": "Polygon", "coordinates": [ [ [ -58.6096873, -21.3180939, 0.0 ], [ -58.6143814, -21.3180931, 0.0 ], [ -58.6145934, -21.3196026, 0.0 ], [ -58.6163519, -21.3197477, 0.0 ], [ -58.6164042, -21.3241362, 0.0 ], [ -58.6095502, -21.324175, 0.0 ], [ -58.6096873, -21.3180939, 0.0 ] ] ] } },
{ "type": "Feature", "properties": { "Name": "CC6" }, "geometry": { "type": "Polygon", "coordinates": [ [ [ -58.6056317, -21.3180965, 0.0 ], [ -58.6096873, -21.3180939, 0.0 ], [ -58.609453, -21.3282863, 0.0 ], [ -58.6055688, -21.3282698, 0.0 ], [ -58.6056317, -21.3180965, 0.0 ] ] ] } },
{ "type": "Feature", "properties": { "Name": "CC7" }, "geometry": { "type": "Polygon", "coordinates": [ [ [ -58.6006147, -21.327223, 0.0 ], [ -58.6008511, -21.3194427, 0.0 ], [ -58.6013981, -21.3194276, 0.0 ], [ -58.6013692, -21.3180994, 0.0 ], [ -58.6056317, -21.3180965, 0.0 ], [ -58.6055782, -21.3272288, 0.0 ], [ -58.6006147, -21.327223, 0.0 ] ] ] } },
{ "type": "Feature", "properties": { "Name": "CC8" }, "geometry": { "type": "Polygon", "coordinates": [ [ [ -58.5962288, -21.3180997, 0.0 ], [ -58.5997972, -21.3180979, 0.0 ], [ -58.5998044, -21.3196019, 0.0 ], [ -58.6005472, -21.3196607, 0.0 ], [ -58.6008333, -21.3194433, 0.0 ], [ -58.6008511, -21.3194427, 0.0 ], [ -58.6006147, -21.327223, 0.0 ], [ -58.5964348, -21.327205, 0.0 ], [ -58.5962288, -21.3180997, 0.0 ] ] ] } },
{ "type": "Feature", "properties": { "Name": "CC9" }, "geometry": { "type": "Polygon", "coordinates": [ [ [ -58.5920523, -21.3181013, 0.0 ], [ -58.5962288, -21.3180997, 0.0 ], [ -58.5963323, -21.3225722, 0.0 ], [ -58.5922098, -21.3225716, 0.0 ], [ -58.5920523, -21.3181013, 0.0 ] ] ] } },
{ "type": "Feature", "properties": { "Name": "C7A" }, "geometry": { "type": "Polygon", "coordinates": [ [ [ -58.5937282, -21.3225737, 0.0 ], [ -58.5963323, -21.3225722, 0.0 ], [ -58.5964348, -21.327205, 0.0 ], [ -58.6055782, -21.3272288, 0.0 ], [ -58.6054936, -21.337519, 0.0 ], [ -58.5939235, -21.3366555, 0.0 ], [ -58.5937282, -21.3225737, 0.0 ] ] ] } },
{ "type": "Feature", "properties": { "Name": "C7B" }, "geometry": { "type": "Polygon", "coordinates": [ [ [ -58.5920523, -21.3181013, 0.0 ], [ -58.5922098, -21.3225716, 0.0 ], [ -58.5937282, -21.3225737, 0.0 ], [ -58.5939235, -21.3366555, 0.0 ], [ -58.5819049, -21.335747, 0.0 ], [ -58.5820182, -21.3225505, 0.0 ], [ -58.5832254, -21.3198972, 0.0 ], [ -58.583715, -21.3195338, 0.0 ], [ -58.5839601, -21.3181071, 0.0 ], [ -58.5920523, -21.3181013, 0.0 ] ] ] } },
{ "type": "Feature", "properties": { "Name": "CH1" }, "geometry": { "type": "Polygon", "coordinates": [ [ [ -58.5681522, -21.2802089, 0.0 ], [ -58.557602, -21.2744376, 0.0 ], [ -58.5575298, -21.2687686, 0.0 ], [ -58.5680962, -21.2687541, 0.0 ], [ -58.5681522, -21.2802089, 0.0 ] ] ] } },
{ "type": "Feature", "properties": { "Name": "CH2" }, "geometry": { "type": "Polygon", "coordinates": [ [ [ -58.5691568, -21.268741, 0.0 ], [ -58.5787357, -21.2687259, 0.0 ], [ -58.578854, -21.2786944, 0.0 ], [ -58.5692481, -21.2786991, 0.0 ], [ -58.5691568, -21.268741, 0.0 ] ] ] } },
{ "type": "Feature", "properties": { "Name": "CI1" }, "geometry": { "type": "Polygon", "coordinates": [ [ [ -58.5787455, -21.2696992, 0.0 ], [ -58.5847327, -21.2697281, 0.0 ], [ -58.5845706, -21.2740777, 0.0 ], [ -58.578798, -21.274073, 0.0 ], [ -58.5787455, -21.2696992, 0.0 ] ] ] } },
{ "type": "Feature", "properties": { "Name": "CI2" }, "geometry": { "type": "Polygon", "coordinates": [ [ [ -58.5788537, -21.2784981, 0.0 ], [ -58.578798, -21.274073, 0.0 ], [ -58.5845706, -21.2740777, 0.0 ], [ -58.5844539, -21.278507, 0.0 ], [ -58.5788537, -21.2784981, 0.0 ] ] ] } },
{ "type": "Feature", "properties": { "Name": "CI4" }, "geometry": { "type": "Polygon", "coordinates": [ [ [ -58.5847327, -21.2697281, 0.0 ], [ -58.5893431, -21.2697251, 0.0 ], [ -58.5893586, -21.2741068, 0.0 ], [ -58.5845706, -21.2740777, 0.0 ], [ -58.5847327, -21.2697281, 0.0 ] ] ] } },
{ "type": "Feature", "properties": { "Name": "CI3" }, "geometry": { "type": "Polygon", "coordinates": [ [ [ -58.5845706, -21.2740777, 0.0 ], [ -58.5893586, -21.2741068, 0.0 ], [ -58.589352, -21.2785639, 0.0 ], [ -58.5844539, -21.278507, 0.0 ], [ -58.5845706, -21.2740777, 0.0 ] ] ] } },
{ "type": "Feature", "properties": { "Name": "CJ 1>4" }, "geometry": { "type": "Polygon", "coordinates": [ [ [ -58.5999132, -21.2697054, 0.0 ], [ -58.6000849, -21.2786119, 0.0 ], [ -58.5901532, -21.2786789, 0.0 ], [ -58.5902023, -21.2697133, 0.0 ], [ -58.5999132, -21.2697054, 0.0 ] ] ] } },
{ "type": "Feature", "properties": { "Name": "CK 1>4" }, "geometry": { "type": "Polygon", "coordinates": [ [ [ -58.6106664, -21.2785938, 0.0 ], [ -58.6010963, -21.278639, 0.0 ], [ -58.6009712, -21.2697246, 0.0 ], [ -58.6105062, -21.2696517, 0.0 ], [ -58.6106664, -21.2785938, 0.0 ] ] ] } },
{ "type": "Feature", "properties": { "Name": "CL 1>4" }, "geometry": { "type": "Polygon", "coordinates": [ [ [ -58.6115746, -21.2696255, 0.0 ], [ -58.6210155, -21.2695798, 0.0 ], [ -58.6211994, -21.2784956, 0.0 ], [ -58.6116726, -21.2786014, 0.0 ], [ -58.6115746, -21.2696255, 0.0 ] ] ] } },
{ "type": "Feature", "properties": { "Name": "CG1" }, "geometry": { "type": "Polygon", "coordinates": [ [ [ -58.5513584, -21.2697724, 0.0 ], [ -58.5519753, -21.2697124, 0.0 ], [ -58.5524205, -21.2698373, 0.0 ], [ -58.5529919, -21.2706397, 0.0 ], [ -58.5539521, -21.2712496, 0.0 ], [ -58.5543641, -21.2713315, 0.0 ], [ -58.5559949, -21.271309, 0.0 ], [ -58.5561139, -21.2745308, 0.0 ], [ -58.5513597, -21.2745426, 0.0 ], [ -58.5513584, -21.2697724, 0.0 ] ] ] } },
{ "type": "Feature", "properties": { "Name": "CG2" }, "geometry": { "type": "Polygon", "coordinates": [ [ [ -58.5513597, -21.2745426, 0.0 ], [ -58.5476438, -21.2745555, 0.0 ], [ -58.5478324, -21.2738637, 0.0 ], [ -58.5477358, -21.2730289, 0.0 ], [ -58.5473871, -21.2720941, 0.0 ], [ -58.5488649, -21.2693516, 0.0 ], [ -58.5513584, -21.2697724, 0.0 ], [ -58.5513597, -21.2745426, 0.0 ] ] ] } },
{ "type": "Feature", "properties": { "Name": "CG3" }, "geometry": { "type": "Polygon", "coordinates": [ [ [ -58.544031, -21.277343, 0.0 ], [ -58.5440076, -21.2745864, 0.0 ], [ -58.5561139, -21.2745308, 0.0 ], [ -58.5561474, -21.2772525, 0.0 ], [ -58.544031, -21.277343, 0.0 ] ] ] } },
{ "type": "Feature", "properties": { "Name": "CF1" }, "geometry": { "type": "Polygon", "coordinates": [ [ [ -58.5497409, -21.2773049, 0.0 ], [ -58.5561474, -21.2772525, 0.0 ], [ -58.55622, -21.2824208, 0.0 ], [ -58.5497624, -21.2824884, 0.0 ], [ -58.5497409, -21.2773049, 0.0 ] ] ] } },
{ "type": "Feature", "properties": { "Name": "CF2" }, "geometry": { "type": "Polygon", "coordinates": [ [ [ -58.544031, -21.277343, 0.0 ], [ -58.5497409, -21.2773049, 0.0 ], [ -58.5497624, -21.2824884, 0.0 ], [ -58.5440951, -21.2825059, 0.0 ], [ -58.544031, -21.277343, 0.0 ] ] ] } },
{ "type": "Feature", "properties": { "Name": "CE1" }, "geometry": { "type": "Polygon", "coordinates": [ [ [ -58.55622, -21.2824208, 0.0 ], [ -58.5562569, -21.2856063, 0.0 ], [ -58.5475529, -21.2856727, 0.0 ], [ -58.5475063, -21.2824939, 0.0 ], [ -58.55622, -21.2824208, 0.0 ] ] ] } },
{ "type": "Feature", "properties": { "Name": "CE2" }, "geometry": { "type": "Polygon", "coordinates": [ [ [ -58.5475529, -21.2856727, 0.0 ], [ -58.5562569, -21.2856063, 0.0 ], [ -58.5563173, -21.2887812, 0.0 ], [ -58.5476601, -21.2887731, 0.0 ], [ -58.5475529, -21.2856727, 0.0 ] ] ] } },
{ "type": "Feature", "properties": { "Name": "CE3" }, "geometry": { "type": "Polygon", "coordinates": [ [ [ -58.5563173, -21.2887812, 0.0 ], [ -58.5563272, -21.2910849, 0.0 ], [ -58.556008, -21.2912598, 0.0 ], [ -58.5554191, -21.2919012, 0.0 ], [ -58.5496106, -21.2919281, 0.0 ], [ -58.5477359, -21.2893534, 0.0 ], [ -58.5476601, -21.2887731, 0.0 ], [ -58.5563173, -21.2887812, 0.0 ] ] ] } },
{ "type": "Feature", "properties": { "Name": "CE4" }, "geometry": { "type": "Polygon", "coordinates": [ [ [ -58.5496106, -21.2919281, 0.0 ], [ -58.5554191, -21.2919012, 0.0 ], [ -58.5519497, -21.2952446, 0.0 ], [ -58.5496106, -21.2919281, 0.0 ] ] ] } },
{ "type": "Feature", "properties": { "Name": "CM 1>4" }, "geometry": { "type": "Polygon", "coordinates": [ [ [ -58.6117129, -21.2795568, 0.0 ], [ -58.6212326, -21.2794741, 0.0 ], [ -58.6213882, -21.2885699, 0.0 ], [ -58.6117946, -21.2885978, 0.0 ], [ -58.6117129, -21.2795568, 0.0 ] ] ] } },
{ "type": "Feature", "properties": { "Name": "CN 1>4" }, "geometry": { "type": "Polygon", "coordinates": [ [ [ -58.6107007, -21.2795573, 0.0 ], [ -58.6108737, -21.2885899, 0.0 ], [ -58.6060952, -21.2886367, 0.0 ], [ -58.6011313, -21.2847289, 0.0 ], [ -58.6010871, -21.2795929, 0.0 ], [ -58.6107007, -21.2795573, 0.0 ] ] ] } },
{ "type": "Feature", "properties": { "Name": "CÑ 1>2" }, "geometry": { "type": "Polygon", "coordinates": [ [ [ -58.6000699, -21.2795762, 0.0 ], [ -58.6001086, -21.2835609, 0.0 ], [ -58.5994683, -21.2835018, 0.0 ], [ -58.5902411, -21.2831311, 0.0 ], [ -58.5901191, -21.2795389, 0.0 ], [ -58.6000699, -21.2795762, 0.0 ] ] ] } },
{ "type": "Feature", "properties": { "Name": "AGRO" }, "geometry": { "type": "Polygon", "coordinates": [ [ [ -58.5720525, -21.2823255, 0.0 ], [ -58.5692707, -21.2808305, 0.0 ], [ -58.5692481, -21.2786991, 0.0 ], [ -58.5745679, -21.2786935, 0.0 ], [ -58.5751138, -21.2827271, 0.0 ], [ -58.5728164, -21.283007, 0.0 ], [ -58.572758, -21.2827454, 0.0 ], [ -58.5720525, -21.2823255, 0.0 ] ] ] } },
{ "type": "Feature", "properties": { "Name": "AGRO" }, "geometry": { "type": "Polygon", "coordinates": [ [ [ -58.5739874, -21.2878202, 0.0 ], [ -58.5731447, -21.2844008, 0.0 ], [ -58.5749485, -21.283986, 0.0 ], [ -58.575293, -21.2837149, 0.0 ], [ -58.5752919, -21.2833369, 0.0 ], [ -58.5780531, -21.2842703, 0.0 ], [ -58.5777706, -21.2883514, 0.0 ], [ -58.5739874, -21.2878202, 0.0 ] ] ] } },
{ "type": "Feature", "properties": { "Name": "AGRO" }, "geometry": { "type": "Polygon", "coordinates": [ [ [ -58.5968995, -21.2875581, 0.0 ], [ -58.5950429, -21.2873405, 0.0 ], [ -58.5945171, -21.2874005, 0.0 ], [ -58.5939592, -21.2872605, 0.0 ], [ -58.5928434, -21.2875704, 0.0 ], [ -58.5925967, -21.2885301, 0.0 ], [ -58.5912234, -21.28902, 0.0 ], [ -58.5910767, -21.2888789, 0.0 ], [ -58.5906208, -21.2884541, 0.0 ], [ -58.5901272, -21.2881841, 0.0 ], [ -58.5892636, -21.2878193, 0.0 ], [ -58.5888005, -21.2876364, 0.0 ], [ -58.5881728, -21.2874114, 0.0 ], [ -58.5880669, -21.2873177, 0.0 ], [ -58.587795, -21.2866731, 0.0 ], [ -58.5874651, -21.2865307, 0.0 ], [ -58.585769, -21.2861272, 0.0 ], [ -58.583473, -21.2855324, 0.0 ], [ -58.5808234, -21.2849144, 0.0 ], [ -58.5784447, -21.2843718, 0.0 ], [ -58.5780531, -21.2842703, 0.0 ], [ -58.5752919, -21.2833369, 0.0 ], [ -58.5751138, -21.2827271, 0.0 ], [ -58.5745679, -21.2786935, 0.0 ], [ -58.578854, -21.2786944, 0.0 ], [ -58.5788537, -21.2784981, 0.0 ], [ -58.5852659, -21.2785184, 0.0 ], [ -58.5853706, -21.2787237, 0.0 ], [ -58.5860259, -21.2798543, 0.0 ], [ -58.5860388, -21.27997, 0.0 ], [ -58.5853038, -21.2812172, 0.0 ], [ -58.5852956, -21.2813513, 0.0 ], [ -58.5868296, -21.2844814, 0.0 ], [ -58.5870254, -21.2844989, 0.0 ], [ -58.5876195, -21.2843965, 0.0 ], [ -58.5876793, -21.2843031, 0.0 ], [ -58.5874111, -21.2823536, 0.0 ], [ -58.58769, -21.2822636, 0.0 ], [ -58.5889964, -21.2834345, 0.0 ], [ -58.5893344, -21.2836469, 0.0 ], [ -58.5904635, -21.284208, 0.0 ], [ -58.5907152, -21.2842714, 0.0 ], [ -58.5925617, -21.284371, 0.0 ], [ -58.5950411, -21.2843524, 0.0 ], [ -58.5969625, -21.2843394, 0.0 ], [ -58.5969156, -21.2844406, 0.0 ], [ -58.5968234, -21.2845648, 0.0 ], [ -58.5968556, -21.2854845, 0.0 ], [ -58.597106, -21.2872832, 0.0 ], [ -58.5970685, -21.2874694, 0.0 ], [ -58.5968995, -21.2875581, 0.0 ] ] ] } },
{ "type": "Feature", "properties": { "Name": "CD1" }, "geometry": { "type": "Polygon", "coordinates": [ [ [ -58.5619492, -21.2825186, 0.0 ], [ -58.5610885, -21.2763481, 0.0 ], [ -58.572758, -21.2827454, 0.0 ], [ -58.5619492, -21.2825186, 0.0 ] ] ] } },
{ "type": "Feature", "properties": { "Name": "CD2" }, "geometry": { "type": "Polygon", "coordinates": [ [ [ -58.5619492, -21.2825186, 0.0 ], [ -58.55622, -21.2824208, 0.0 ], [ -58.5561139, -21.2745308, 0.0 ], [ -58.5573427, -21.2745058, 0.0 ], [ -58.557602, -21.2744376, 0.0 ], [ -58.5610885, -21.2763481, 0.0 ], [ -58.5619492, -21.2825186, 0.0 ] ] ] } },
{ "type": "Feature", "properties": { "Name": "CD3" }, "geometry": { "type": "Polygon", "coordinates": [ [ [ -58.55622, -21.2824208, 0.0 ], [ -58.5619492, -21.2825186, 0.0 ], [ -58.5621575, -21.2840148, 0.0 ], [ -58.5621025, -21.2840548, 0.0 ], [ -58.5579454, -21.2904893, 0.0 ], [ -58.5563272, -21.2910849, 0.0 ], [ -58.55622, -21.2824208, 0.0 ] ] ] } },
{ "type": "Feature", "properties": { "Name": "CD4" }, "geometry": { "type": "Polygon", "coordinates": [ [ [ -58.5721534, -21.2827318, 0.0 ], [ -58.5718218, -21.2834859, 0.0 ], [ -58.5702541, -21.2840565, 0.0 ], [ -58.566483, -21.2866623, 0.0 ], [ -58.5621575, -21.2840148, 0.0 ], [ -58.5619492, -21.2825186, 0.0 ], [ -58.5721534, -21.2827318, 0.0 ] ] ] } },
{ "type": "Feature", "properties": { "Name": "DEPOSITO 1" }, "geometry": { "type": "Polygon", "coordinates": [ [ [ -58.576351, -21.2982109, 0.0 ], [ -58.5771556, -21.2983958, 0.0 ], [ -58.5776159, -21.2966821, 0.0 ], [ -58.5780357, -21.296807, 0.0 ], [ -58.5795466, -21.2979817, 0.0 ], [ -58.5801881, -21.2987191, 0.0 ], [ -58.5803206, -21.299572, 0.0 ], [ -58.5803045, -21.3014862, 0.0 ], [ -58.5754124, -21.3015141, 0.0 ], [ -58.576351, -21.2982109, 0.0 ] ] ] } },
{ "type": "Feature", "properties": { "Name": "DEPOSITO 2" }, "geometry": { "type": "Polygon", "coordinates": [ [ [ -58.571868, -21.3015269, 0.0 ], [ -58.5682434, -21.301527, 0.0 ], [ -58.5681666, -21.2961047, 0.0 ], [ -58.5722617, -21.2961392, 0.0 ], [ -58.571868, -21.3015269, 0.0 ] ] ] } },
{ "type": "Feature", "properties": { "Name": "CABRA" }, "geometry": { "type": "Polygon", "coordinates": [ [ [ -58.5762718, -21.2984871, 0.0 ], [ -58.5754124, -21.3015141, 0.0 ], [ -58.571868, -21.3015269, 0.0 ], [ -58.5720509, -21.2990223, 0.0 ], [ -58.5760599, -21.2985958, 0.0 ], [ -58.5760626, -21.2985021, 0.0 ], [ -58.5762718, -21.2984871, 0.0 ] ] ] } },
{ "type": "Feature", "properties": { "Name": "DEPOSITO 3" }, "geometry": { "type": "Polygon", "coordinates": [ [ [ -58.5720509, -21.2990223, 0.0 ], [ -58.572321, -21.2954446, 0.0 ], [ -58.574261, -21.2956668, 0.0 ], [ -58.5744268, -21.2968694, 0.0 ], [ -58.5744995, -21.297328, 0.0 ], [ -58.5756561, -21.2986414, 0.0 ], [ -58.5720509, -21.2990223, 0.0 ] ] ] } },
{ "type": "Feature", "properties": { "Name": "PLAZOLETA" }, "geometry": { "type": "Polygon", "coordinates": [ [ [ -58.5776159, -21.2966821, 0.0 ], [ -58.5771556, -21.2983958, 0.0 ], [ -58.576351, -21.2982109, 0.0 ], [ -58.5762718, -21.2984871, 0.0 ], [ -58.5760626, -21.2985021, 0.0 ], [ -58.5760599, -21.2985958, 0.0 ], [ -58.5756561, -21.2986414, 0.0 ], [ -58.5744995, -21.297328, 0.0 ], [ -58.574261, -21.2956668, 0.0 ], [ -58.5736343, -21.2955925, 0.0 ], [ -58.5722281, -21.2827364, 0.0 ], [ -58.572758, -21.2827454, 0.0 ], [ -58.5728164, -21.283007, 0.0 ], [ -58.5731447, -21.2844008, 0.0 ], [ -58.5739874, -21.2878202, 0.0 ], [ -58.5777706, -21.2883514, 0.0 ], [ -58.5781635, -21.2883987, 0.0 ], [ -58.5805985, -21.2970121, 0.0 ], [ -58.5811418, -21.2995179, 0.0 ], [ -58.5806657, -21.2995279, 0.0 ], [ -58.580604, -21.2994655, 0.0 ], [ -58.5804544, -21.2986181, 0.0 ], [ -58.5799823, -21.2979884, 0.0 ], [ -58.5789845, -21.2970088, 0.0 ], [ -58.578546, -21.2967059, 0.0 ], [ -58.5777197, -21.2964465, 0.0 ], [ -58.5776159, -21.2966821, 0.0 ] ] ] } },
{ "type": "Feature", "properties": { "Name": "AGRO" }, "geometry": { "type": "Polygon", "coordinates": [ [ [ -58.5800494, -21.2950614, 0.0 ], [ -58.578518, -21.2896592, 0.0 ], [ -58.5802975, -21.2898991, 0.0 ], [ -58.5804692, -21.2915735, 0.0 ], [ -58.5805278, -21.2917941, 0.0 ], [ -58.5811072, -21.2917441, 0.0 ], [ -58.5816543, -21.2904171, 0.0 ], [ -58.5818026, -21.2902825, 0.0 ], [ -58.5830176, -21.29015, 0.0 ], [ -58.5832384, -21.2901925, 0.0 ], [ -58.5837528, -21.2903164, 0.0 ], [ -58.5839527, -21.2903189, 0.0 ], [ -58.5840997, -21.2902606, 0.0 ], [ -58.585035, -21.2898115, 0.0 ], [ -58.5853622, -21.2897565, 0.0 ], [ -58.5872988, -21.2899614, 0.0 ], [ -58.5876797, -21.2902813, 0.0 ], [ -58.5882644, -21.2901713, 0.0 ], [ -58.5898671, -21.2905424, 0.0 ], [ -58.5912001, -21.2912246, 0.0 ], [ -58.588796, -21.2934668, 0.0 ], [ -58.5884984, -21.2943916, 0.0 ], [ -58.5868729, -21.2945465, 0.0 ], [ -58.5832573, -21.2947815, 0.0 ], [ -58.5800494, -21.2950614, 0.0 ] ] ] } },
{ "type": "Feature", "properties": { "Name": "AGRO" }, "geometry": { "type": "Polygon", "coordinates": [ [ [ -58.588796, -21.2934668, 0.0 ], [ -58.5912001, -21.2912246, 0.0 ], [ -58.5912898, -21.2904825, 0.0 ], [ -58.5908875, -21.2899727, 0.0 ], [ -58.5909197, -21.2897328, 0.0 ], [ -58.5912234, -21.28902, 0.0 ], [ -58.5925967, -21.2885301, 0.0 ], [ -58.5926713, -21.2891526, 0.0 ], [ -58.5927169, -21.2894, 0.0 ], [ -58.5927089, -21.2898373, 0.0 ], [ -58.5928712, -21.2911731, 0.0 ], [ -58.592941, -21.2912918, 0.0 ], [ -58.5946746, -21.2927922, 0.0 ], [ -58.5959514, -21.2939018, 0.0 ], [ -58.5972817, -21.2951413, 0.0 ], [ -58.5972916, -21.2954863, 0.0 ], [ -58.5973247, -21.2961805, 0.0 ], [ -58.5972683, -21.2962855, 0.0 ], [ -58.5971503, -21.2963304, 0.0 ], [ -58.5968901, -21.2963579, 0.0 ], [ -58.5967185, -21.2964304, 0.0 ], [ -58.5961552, -21.2968627, 0.0 ], [ -58.5957904, -21.2969102, 0.0 ], [ -58.5944279, -21.2963904, 0.0 ], [ -58.5930009, -21.2961505, 0.0 ], [ -58.5927113, -21.2960655, 0.0 ], [ -58.5923036, -21.2960605, 0.0 ], [ -58.5905709, -21.2954808, 0.0 ], [ -58.5904703, -21.295237, 0.0 ], [ -58.5901002, -21.2940575, 0.0 ], [ -58.588796, -21.2934668, 0.0 ] ] ] } },
{ "type": "Feature", "properties": { "Name": "CAMPO DE AGRO" }, "geometry": { "type": "Polygon", "coordinates": [ [ [ -58.6042831, -21.2953083, 0.0 ], [ -58.6084749, -21.294964, 0.0 ], [ -58.6130571, -21.2905333, 0.0 ], [ -58.6156862, -21.2925383, 0.0 ], [ -58.6141627, -21.293433, 0.0 ], [ -58.6131435, -21.2928532, 0.0 ], [ -58.6118882, -21.2939528, 0.0 ], [ -58.612709, -21.2946925, 0.0 ], [ -58.6145543, -21.2940128, 0.0 ], [ -58.6211408, -21.2971411, 0.0 ], [ -58.6212059, -21.3043362, 0.0 ], [ -58.6186556, -21.3043559, 0.0 ], [ -58.6161819, -21.3052016, 0.0 ], [ -58.6161081, -21.2997262, 0.0 ], [ -58.6160263, -21.2996825, 0.0 ], [ -58.6135989, -21.2996872, 0.0 ], [ -58.6100981, -21.3013068, 0.0 ], [ -58.6096775, -21.3018734, 0.0 ], [ -58.6097794, -21.3019709, 0.0 ], [ -58.6096775, -21.3021258, 0.0 ], [ -58.6094173, -21.3019359, 0.0 ], [ -58.6090123, -21.3019634, 0.0 ], [ -58.6085251, -21.3019918, 0.0 ], [ -58.608509, -21.3034525, 0.0 ], [ -58.6093566, -21.3035424, 0.0 ], [ -58.6103919, -21.3053267, 0.0 ], [ -58.6104241, -21.3057765, 0.0 ], [ -58.6117974, -21.3057765, 0.0 ], [ -58.6120923, -21.30684, 0.0 ], [ -58.6120266, -21.3088958, 0.0 ], [ -58.6056032, -21.3089184, 0.0 ], [ -58.6055752, -21.3045623, 0.0 ], [ -58.605758, -21.3041901, 0.0 ], [ -58.6059458, -21.3041252, 0.0 ], [ -58.6068524, -21.3038303, 0.0 ], [ -58.6076249, -21.3035804, 0.0 ], [ -58.6076, -21.3013043, 0.0 ], [ -58.6057585, -21.2992544, 0.0 ], [ -58.605739, -21.2992356, 0.0 ], [ -58.6043201, -21.299333, 0.0 ], [ -58.6041506, -21.2990715, 0.0 ], [ -58.6042455, -21.2981336, 0.0 ], [ -58.6035808, -21.2976338, 0.0 ], [ -58.6032375, -21.2976263, 0.0 ], [ -58.6029263, -21.2977813, 0.0 ], [ -58.6027788, -21.2976963, 0.0 ], [ -58.6033582, -21.2973139, 0.0 ], [ -58.6033286, -21.2971815, 0.0 ], [ -58.6030792, -21.2971865, 0.0 ], [ -58.6030095, -21.297124, 0.0 ], [ -58.6031346, -21.2969944, 0.0 ], [ -58.6034028, -21.2965246, 0.0 ], [ -58.6042831, -21.2953083, 0.0 ] ] ] } },
{ "type": "Feature", "properties": { "Name": "CAMPO DE AGRO" }, "geometry": { "type": "Polygon", "coordinates": [ [ [ -58.5969625, -21.2843394, 0.0 ], [ -58.5990648, -21.2843207, 0.0 ], [ -58.5997622, -21.2849656, 0.0 ], [ -58.6039448, -21.2883642, 0.0 ], [ -58.60482, -21.2890356, 0.0 ], [ -58.6105434, -21.2929645, 0.0 ], [ -58.6084749, -21.294964, 0.0 ], [ -58.6042831, -21.2953083, 0.0 ], [ -58.6039502, -21.2952213, 0.0 ], [ -58.6036951, -21.295215, 0.0 ], [ -58.6032981, -21.2952924, 0.0 ], [ -58.6031921, -21.2953212, 0.0 ], [ -58.6028705, -21.2956482, 0.0 ], [ -58.6027203, -21.2956932, 0.0 ], [ -58.6023126, -21.2955433, 0.0 ], [ -58.6020766, -21.2955433, 0.0 ], [ -58.6018566, -21.2956382, 0.0 ], [ -58.6016689, -21.2956782, 0.0 ], [ -58.6013953, -21.2956482, 0.0 ], [ -58.601239, -21.2957017, 0.0 ], [ -58.6007935, -21.2959964, 0.0 ], [ -58.6004716, -21.2961264, 0.0 ], [ -58.600021, -21.2962213, 0.0 ], [ -58.5995865, -21.2963213, 0.0 ], [ -58.5992807, -21.2964362, 0.0 ], [ -58.5990286, -21.2965612, 0.0 ], [ -58.5988301, -21.2965312, 0.0 ], [ -58.5987282, -21.2964163, 0.0 ], [ -58.5987228, -21.2962963, 0.0 ], [ -58.5987003, -21.2960004, 0.0 ], [ -58.5986145, -21.2956006, 0.0 ], [ -58.5987057, -21.2952707, 0.0 ], [ -58.5987111, -21.2950508, 0.0 ], [ -58.5986521, -21.2947509, 0.0 ], [ -58.5986789, -21.294446, 0.0 ], [ -58.5987462, -21.2940345, 0.0 ], [ -58.5986872, -21.2935796, 0.0 ], [ -58.5989072, -21.29253, 0.0 ], [ -58.5988163, -21.2914582, 0.0 ], [ -58.5985373, -21.2901386, 0.0 ], [ -58.5978936, -21.2883992, 0.0 ], [ -58.5974479, -21.2880835, 0.0 ], [ -58.5969651, -21.2875237, 0.0 ], [ -58.5970685, -21.2874694, 0.0 ], [ -58.597106, -21.2872832, 0.0 ], [ -58.5968556, -21.2854845, 0.0 ], [ -58.5968234, -21.2845648, 0.0 ], [ -58.5969625, -21.2843394, 0.0 ] ] ] } },
{ "type": "Feature", "properties": { "Name": "1N" }, "geometry": { "type": "Polygon", "coordinates": [ [ [ -58.486555, -21.340942, 0.0 ], [ -58.48587, -21.354099, 0.0 ], [ -58.476972, -21.35326, 0.0 ], [ -58.478664, -21.341238, 0.0 ], [ -58.486555, -21.340942, 0.0 ] ] ] } },
{ "type": "Feature", "properties": { "Name": "1L1" }, "geometry": { "type": "Polygon", "coordinates": [ [ [ -58.465347, -21.349368, 0.0 ], [ -58.46534, -21.349187, 0.0 ], [ -58.464599, -21.342192, 0.0 ], [ -58.464602, -21.342034, 0.0 ], [ -58.46466, -21.341894, 0.0 ], [ -58.464753, -21.341788, 0.0 ], [ -58.464867, -21.341728, 0.0 ], [ -58.465085, -21.341673, 0.0 ], [ -58.469777, -21.341502, 0.0 ], [ -58.471445, -21.349215, 0.0 ], [ -58.465721, -21.349592, 0.0 ], [ -58.465641, -21.349575, 0.0 ], [ -58.465484, -21.349623, 0.0 ], [ -58.465393, -21.349603, 0.0 ], [ -58.465346, -21.349487, 0.0 ], [ -58.465347, -21.349368, 0.0 ] ] ] } },
{ "type": "Feature", "properties": { "Name": "1Q" }, "geometry": { "type": "Polygon", "coordinates": [ [ [ -58.4873, -21.338761, 0.0 ], [ -58.488016, -21.31843, 0.0 ], [ -58.50342, -21.318374, 0.0 ], [ -58.501728, -21.338777, 0.0 ], [ -58.487572, -21.338899, 0.0 ], [ -58.4873, -21.338761, 0.0 ] ] ] } },
{ "type": "Feature", "properties": { "Name": "1R1" }, "geometry": { "type": "Polygon", "coordinates": [ [ [ -58.491176, -21.339015, 0.0 ], [ -58.501723, -21.339029, 0.0 ], [ -58.501679, -21.342511, 0.0 ], [ -58.491365, -21.3424, 0.0 ], [ -58.491176, -21.339015, 0.0 ] ] ] } },
{ "type": "Feature", "properties": { "Name": "1R2" }, "geometry": { "type": "Polygon", "coordinates": [ [ [ -58.501679, -21.342511, 0.0 ], [ -58.501601, -21.349082, 0.0 ], [ -58.495879, -21.34935, 0.0 ], [ -58.495302, -21.348885, 0.0 ], [ -58.495602, -21.347384, 0.0 ], [ -58.495409, -21.346784, 0.0 ], [ -58.494893, -21.346728, 0.0 ], [ -58.493949, -21.346752, 0.0 ], [ -58.493305, -21.346638, 0.0 ], [ -58.49308, -21.346483, 0.0 ], [ -58.49301, -21.345823, 0.0 ], [ -58.493197, -21.34539, 0.0 ], [ -58.493004, -21.344861, 0.0 ], [ -58.492081, -21.343791, 0.0 ], [ -58.491405, -21.343282, 0.0 ], [ -58.491365, -21.3424, 0.0 ], [ -58.501679, -21.342511, 0.0 ] ] ] } },
{ "type": "Feature", "properties": { "Name": "1A3" }, "geometry": { "type": "Polygon", "coordinates": [ [ [ -58.524167, -21.327518, 0.0 ], [ -58.524169, -21.335978, 0.0 ], [ -58.511876, -21.335283, 0.0 ], [ -58.511885, -21.327597, 0.0 ], [ -58.524167, -21.327518, 0.0 ] ] ] } },
{ "type": "Feature", "properties": { "Name": "1A4" }, "geometry": { "type": "Polygon", "coordinates": [ [ [ -58.524167, -21.327518, 0.0 ], [ -58.535555, -21.327473, 0.0 ], [ -58.535558, -21.336693, 0.0 ], [ -58.524169, -21.335978, 0.0 ], [ -58.524167, -21.327518, 0.0 ] ] ] } },
{ "type": "Feature", "properties": { "Name": "1H1" }, "geometry": { "type": "Polygon", "coordinates": [ [ [ -58.472488, -21.36848, 0.0 ], [ -58.471805, -21.361487, 0.0 ], [ -58.476644, -21.361106, 0.0 ], [ -58.477281, -21.368376, 0.0 ], [ -58.472488, -21.36848, 0.0 ] ] ] } },
{ "type": "Feature", "properties": { "Name": "1H2" }, "geometry": { "type": "Polygon", "coordinates": [ [ [ -58.472339, -21.368474, 0.0 ], [ -58.467219, -21.368569, 0.0 ], [ -58.466572, -21.361926, 0.0 ], [ -58.471685, -21.361496, 0.0 ], [ -58.472339, -21.368474, 0.0 ] ] ] } },
{ "type": "Feature", "properties": { "Name": "1H3" }, "geometry": { "type": "Polygon", "coordinates": [ [ [ -58.477282, -21.368403, 0.0 ], [ -58.478053, -21.376787, 0.0 ], [ -58.473374, -21.376839, 0.0 ], [ -58.472489, -21.36853, 0.0 ], [ -58.477282, -21.368403, 0.0 ] ] ] } },
{ "type": "Feature", "properties": { "Name": "1J" }, "geometry": { "type": "Polygon", "coordinates": [ [ [ -58.466582, -21.36185, 0.0 ], [ -58.45609, -21.362684, 0.0 ], [ -58.455033, -21.350554, 0.0 ], [ -58.465269, -21.34967, 0.0 ], [ -58.466582, -21.36185, 0.0 ] ] ] } },
{ "type": "Feature", "properties": { "Name": "1K1" }, "geometry": { "type": "Polygon", "coordinates": [ [ [ -58.465175, -21.349643, 0.0 ], [ -58.460029, -21.350023, 0.0 ], [ -58.461701, -21.341701, 0.0 ], [ -58.464421, -21.341665, 0.0 ], [ -58.465281, -21.349341, 0.0 ], [ -58.465175, -21.349643, 0.0 ] ] ] } },
{ "type": "Feature", "properties": { "Name": "1I2" }, "geometry": { "type": "Polygon", "coordinates": [ [ [ -58.46118, -21.362393, 0.0 ], [ -58.461788, -21.369348, 0.0 ], [ -58.456844, -21.370388, 0.0 ], [ -58.456105, -21.362742, 0.0 ], [ -58.46118, -21.362393, 0.0 ] ] ] } },
{ "type": "Feature", "properties": { "Name": "1I3" }, "geometry": { "type": "Polygon", "coordinates": [ [ [ -58.45685, -21.370421, 0.0 ], [ -58.461793, -21.369368, 0.0 ], [ -58.462471, -21.376754, 0.0 ], [ -58.457442, -21.376771, 0.0 ], [ -58.45685, -21.370421, 0.0 ] ] ] } },
{ "type": "Feature", "properties": { "Name": "1I4" }, "geometry": { "type": "Polygon", "coordinates": [ [ [ -58.467149, -21.368234, 0.0 ], [ -58.467977, -21.376774, 0.0 ], [ -58.4626, -21.37675, 0.0 ], [ -58.461841, -21.369377, 0.0 ], [ -58.467149, -21.368234, 0.0 ] ] ] } },
{ "type": "Feature", "properties": { "Name": "1E NATURAL" }, "geometry": { "type": "Polygon", "coordinates": [ [ [ -58.507495, -21.357419, 0.0 ], [ -58.508355, -21.359568, 0.0 ], [ -58.504874, -21.364434, 0.0 ], [ -58.509691, -21.36671, 0.0 ], [ -58.509514, -21.368504, 0.0 ], [ -58.511418, -21.368583, 0.0 ], [ -58.511314, -21.376693, 0.0 ], [ -58.501498, -21.376646, 0.0 ], [ -58.501543, -21.35742, 0.0 ], [ -58.507495, -21.357419, 0.0 ] ] ] } },
{ "type": "Feature", "properties": { "Name": "1D NATURAL" }, "geometry": { "type": "Polygon", "coordinates": [ [ [ -58.513274, -21.366504, 0.0 ], [ -58.525263, -21.366092, 0.0 ], [ -58.526743, -21.37677, 0.0 ], [ -58.511369, -21.37669, 0.0 ], [ -58.511418, -21.368583, 0.0 ], [ -58.513317, -21.36785, 0.0 ], [ -58.513274, -21.366504, 0.0 ] ] ] } },
{ "type": "Feature", "properties": { "Name": "1Ñ" }, "geometry": { "type": "Polygon", "coordinates": [ [ [ -58.48542, -21.354059, 0.0 ], [ -58.486008, -21.354103, 0.0 ], [ -58.485646, -21.360238, 0.0 ], [ -58.476642, -21.360986, 0.0 ], [ -58.475954, -21.353155, 0.0 ], [ -58.48542, -21.354059, 0.0 ] ] ] } },
{ "type": "Feature", "properties": { "Name": "1O" }, "geometry": { "type": "Polygon", "coordinates": [ [ [ -58.475954, -21.353155, 0.0 ], [ -58.476642, -21.360986, 0.0 ], [ -58.475686, -21.361032, 0.0 ], [ -58.466582, -21.36185, 0.0 ], [ -58.465269, -21.34967, 0.0 ], [ -58.471445, -21.349215, 0.0 ], [ -58.472046, -21.35201, 0.0 ], [ -58.475726, -21.35177, 0.0 ], [ -58.475954, -21.353155, 0.0 ] ] ] } },
{ "type": "Feature", "properties": { "Name": "1S" }, "geometry": { "type": "Polygon", "coordinates": [ [ [ -58.501728, -21.338777, 0.0 ], [ -58.50342, -21.318374, 0.0 ], [ -58.511538, -21.318385, 0.0 ], [ -58.511587, -21.334852, 0.0 ], [ -58.504304, -21.338784, 0.0 ], [ -58.501728, -21.338777, 0.0 ] ] ] } },
{ "type": "Feature", "properties": { "Name": "1R4" }, "geometry": { "type": "Polygon", "coordinates": [ [ [ -58.501723, -21.339029, 0.0 ], [ -58.504728, -21.33903, 0.0 ], [ -58.511573, -21.335229, 0.0 ], [ -58.511575, -21.34261, 0.0 ], [ -58.501679, -21.342511, 0.0 ], [ -58.501723, -21.339029, 0.0 ] ] ] } },
{ "type": "Feature", "properties": { "Name": "1A1" }, "geometry": { "type": "Polygon", "coordinates": [ [ [ -58.535548, -21.318188, 0.0 ], [ -58.53556, -21.327392, 0.0 ], [ -58.524169, -21.327449, 0.0 ], [ -58.524169, -21.31824, 0.0 ], [ -58.535548, -21.318188, 0.0 ] ] ] } },
{ "type": "Feature", "properties": { "Name": "1R3" }, "geometry": { "type": "Polygon", "coordinates": [ [ [ -58.501679, -21.342511, 0.0 ], [ -58.511575, -21.34261, 0.0 ], [ -58.511546, -21.348826, 0.0 ], [ -58.501601, -21.349082, 0.0 ], [ -58.501679, -21.342511, 0.0 ] ] ] } },
{ "type": "Feature", "properties": { "Name": "1G" }, "geometry": { "type": "Polygon", "coordinates": [ [ [ -58.485632, -21.360314, 0.0 ], [ -58.484759, -21.376792, 0.0 ], [ -58.478105, -21.376788, 0.0 ], [ -58.476644, -21.361106, 0.0 ], [ -58.485026, -21.360466, 0.0 ], [ -58.485632, -21.360314, 0.0 ] ] ] } },
{ "type": "Feature", "properties": { "Name": "1H4" }, "geometry": { "type": "Polygon", "coordinates": [ [ [ -58.472345, -21.368545, 0.0 ], [ -58.473262, -21.376836, 0.0 ], [ -58.468052, -21.37678, 0.0 ], [ -58.467219, -21.368569, 0.0 ], [ -58.472345, -21.368545, 0.0 ] ] ] } },
{ "type": "Feature", "properties": { "Name": "1K2" }, "geometry": { "type": "Polygon", "coordinates": [ [ [ -58.460944, -21.34547, 0.0 ], [ -58.460029, -21.350023, 0.0 ], [ -58.454072, -21.350502, 0.0 ], [ -58.453593, -21.346047, 0.0 ], [ -58.460944, -21.34547, 0.0 ] ] ] } },
{ "type": "Feature", "properties": { "Name": "1I1" }, "geometry": { "type": "Polygon", "coordinates": [ [ [ -58.466572, -21.361926, 0.0 ], [ -58.467179, -21.368138, 0.0 ], [ -58.461838, -21.369343, 0.0 ], [ -58.46123, -21.362397, 0.0 ], [ -58.466572, -21.361926, 0.0 ] ] ] } },
{ "type": "Feature", "properties": { "Name": "1A2" }, "geometry": { "type": "Polygon", "coordinates": [ [ [ -58.524169, -21.31824, 0.0 ], [ -58.524169, -21.327449, 0.0 ], [ -58.511884, -21.327548, 0.0 ], [ -58.511798, -21.318296, 0.0 ], [ -58.524169, -21.31824, 0.0 ] ] ] } },
{ "type": "Feature", "properties": { "Name": "1B NATURAL" }, "geometry": { "type": "Polygon", "coordinates": [ [ [ -58.535631, -21.348757, 0.0 ], [ -58.523479, -21.348786, 0.0 ], [ -58.523486, -21.335944, 0.0 ], [ -58.535637, -21.336813, 0.0 ], [ -58.535631, -21.348757, 0.0 ] ] ] } },
{ "type": "Feature", "properties": { "Name": "1M" }, "geometry": { "type": "Polygon", "coordinates": [ [ [ -58.477539, -21.341259, 0.0 ], [ -58.477365, -21.347318, 0.0 ], [ -58.474868, -21.351828, 0.0 ], [ -58.472046, -21.35201, 0.0 ], [ -58.469777, -21.341502, 0.0 ], [ -58.477539, -21.341259, 0.0 ] ] ] } },
{ "type": "Feature", "properties": { "Name": "2D" }, "geometry": { "type": "Polygon", "coordinates": [ [ [ -58.518257, -21.2930541, 0.0 ], [ -58.5181652, -21.3014162, 0.0 ], [ -58.5114858, -21.3014113, 0.0 ], [ -58.5114603, -21.2930205, 0.0 ], [ -58.518257, -21.2930541, 0.0 ] ] ] } },
{ "type": "Feature", "properties": { "Name": "2C" }, "geometry": { "type": "Polygon", "coordinates": [ [ [ -58.5183452, -21.2848455, 0.0 ], [ -58.518257, -21.2930541, 0.0 ], [ -58.5114603, -21.2930205, 0.0 ], [ -58.5114378, -21.2848405, 0.0 ], [ -58.5183452, -21.2848455, 0.0 ] ] ] } },
{ "type": "Feature", "properties": { "Name": "2B" }, "geometry": { "type": "Polygon", "coordinates": [ [ [ -58.5114378, -21.2848405, 0.0 ], [ -58.5113958, -21.2749379, 0.0 ], [ -58.5179581, -21.2748765, 0.0 ], [ -58.5178496, -21.2761141, 0.0 ], [ -58.5184464, -21.2762228, 0.0 ], [ -58.5183452, -21.2848455, 0.0 ], [ -58.5114378, -21.2848405, 0.0 ] ] ] } },
{ "type": "Feature", "properties": { "Name": "2J" }, "geometry": { "type": "Polygon", "coordinates": [ [ [ -58.5363265, -21.256928, 0.0 ], [ -58.5375081, -21.2569129, 0.0 ], [ -58.5360803, -21.2649591, 0.0 ], [ -58.5211886, -21.2656786, 0.0 ], [ -58.521351, -21.2572461, 0.0 ], [ -58.5363265, -21.256928, 0.0 ] ] ] } },
{ "type": "Feature", "properties": { "Name": "2M" }, "geometry": { "type": "Polygon", "coordinates": [ [ [ -58.517472, -21.257327, 0.0 ], [ -58.5166024, -21.2580399, 0.0 ], [ -58.516023, -21.2589998, 0.0 ], [ -58.5156676, -21.2615721, 0.0 ], [ -58.518044, -21.2681584, 0.0 ], [ -58.5168639, -21.2695581, 0.0 ], [ -58.5169068, -21.270488, 0.0 ], [ -58.5175291, -21.2717277, 0.0 ], [ -58.5188594, -21.2728874, 0.0 ], [ -58.5205331, -21.2732874, 0.0 ], [ -58.5212627, -21.2724675, 0.0 ], [ -58.5236636, -21.2700415, 0.0 ], [ -58.5252009, -21.2697644, 0.0 ], [ -58.52537, -21.2733208, 0.0 ], [ -58.5248966, -21.2733183, 0.0 ], [ -58.5248027, -21.2731321, 0.0 ], [ -58.5246659, -21.2731871, 0.0 ], [ -58.5247557, -21.2733671, 0.0 ], [ -58.5224456, -21.2748184, 0.0 ], [ -58.5197263, -21.2748405, 0.0 ], [ -58.5179581, -21.2748765, 0.0 ], [ -58.5113958, -21.2749379, 0.0 ], [ -58.5113169, -21.2574547, 0.0 ], [ -58.517472, -21.257327, 0.0 ] ] ] } },
{ "type": "Feature", "properties": { "Name": "2R5" }, "geometry": { "type": "Polygon", "coordinates": [ [ [ -58.544031, -21.277343, 0.0 ], [ -58.5440951, -21.2825059, 0.0 ], [ -58.5379256, -21.2825274, 0.0 ], [ -58.5379469, -21.2773848, 0.0 ], [ -58.544031, -21.277343, 0.0 ] ] ] } },
{ "type": "Feature", "properties": { "Name": "2R4" }, "geometry": { "type": "Polygon", "coordinates": [ [ [ -58.5379283, -21.2825474, 0.0 ], [ -58.537324, -21.2823586, 0.0 ], [ -58.5367312, -21.281785, 0.0 ], [ -58.5361975, -21.2814226, 0.0 ], [ -58.5354706, -21.2811277, 0.0 ], [ -58.5346574, -21.2808296, 0.0 ], [ -58.5346505, -21.2794836, 0.0 ], [ -58.5279416, -21.2795768, 0.0 ], [ -58.5284974, -21.2774906, 0.0 ], [ -58.5379496, -21.2774048, 0.0 ], [ -58.5379283, -21.2825474, 0.0 ] ] ] } },
{ "type": "Feature", "properties": { "Name": "2R3" }, "geometry": { "type": "Polygon", "coordinates": [ [ [ -58.544031, -21.277343, 0.0 ], [ -58.5284974, -21.2774906, 0.0 ], [ -58.5291517, -21.274775, 0.0 ], [ -58.5440076, -21.2745864, 0.0 ], [ -58.544031, -21.277343, 0.0 ] ] ] } },
{ "type": "Feature", "properties": { "Name": "2R1" }, "geometry": { "type": "Polygon", "coordinates": [ [ [ -58.5358993, -21.2746895, 0.0 ], [ -58.5360027, -21.2698319, 0.0 ], [ -58.5378765, -21.2705404, 0.0 ], [ -58.53874, -21.2711178, 0.0 ], [ -58.5398236, -21.2716277, 0.0 ], [ -58.5403248, -21.2720793, 0.0 ], [ -58.5412757, -21.272318, 0.0 ], [ -58.5416887, -21.2728578, 0.0 ], [ -58.5422413, -21.2730528, 0.0 ], [ -58.542983, -21.2745981, 0.0 ], [ -58.5358993, -21.2746895, 0.0 ] ] ] } },
{ "type": "Feature", "properties": { "Name": "2R2" }, "geometry": { "type": "Polygon", "coordinates": [ [ [ -58.5358993, -21.2746895, 0.0 ], [ -58.5291517, -21.274775, 0.0 ], [ -58.5297481, -21.2736267, 0.0 ], [ -58.5305288, -21.2721142, 0.0 ], [ -58.531133, -21.2713966, 0.0 ], [ -58.5321396, -21.2703551, 0.0 ], [ -58.5328611, -21.2701001, 0.0 ], [ -58.5338546, -21.2696465, 0.0 ], [ -58.5347561, -21.2693415, 0.0 ], [ -58.5355219, -21.269534, 0.0 ], [ -58.5360027, -21.2698319, 0.0 ], [ -58.5358993, -21.2746895, 0.0 ] ] ] } },
{ "type": "Feature", "properties": { "Name": "2F" }, "geometry": { "type": "Polygon", "coordinates": [ [ [ -58.5252963, -21.2848488, 0.0 ], [ -58.5252928, -21.2930957, 0.0 ], [ -58.518257, -21.2930541, 0.0 ], [ -58.5183452, -21.2848455, 0.0 ], [ -58.5252963, -21.2848488, 0.0 ] ] ] } },
{ "type": "Feature", "properties": { "Name": "2A" }, "geometry": { "type": "Polygon", "coordinates": [ [ [ -58.52541, -21.2741907, 0.0 ], [ -58.5255966, -21.2848463, 0.0 ], [ -58.5183478, -21.284843, 0.0 ], [ -58.518449, -21.2762203, 0.0 ], [ -58.5195682, -21.2764368, 0.0 ], [ -58.5197263, -21.2748405, 0.0 ], [ -58.5224456, -21.2748184, 0.0 ], [ -58.5247557, -21.2733671, 0.0 ], [ -58.5246659, -21.2731871, 0.0 ], [ -58.5248027, -21.2731321, 0.0 ], [ -58.5248966, -21.2733183, 0.0 ], [ -58.52537, -21.2733208, 0.0 ], [ -58.52541, -21.2741907, 0.0 ] ] ] } },
{ "type": "Feature", "properties": { "Name": "2L" }, "geometry": { "type": "Polygon", "coordinates": [ [ [ -58.5360803, -21.2649591, 0.0 ], [ -58.5367518, -21.2611848, 0.0 ], [ -58.5571835, -21.261083, 0.0 ], [ -58.5573427, -21.2745058, 0.0 ], [ -58.5561139, -21.2745308, 0.0 ], [ -58.5559949, -21.271309, 0.0 ], [ -58.5543641, -21.2713315, 0.0 ], [ -58.5539521, -21.2712496, 0.0 ], [ -58.5529919, -21.2706397, 0.0 ], [ -58.5524205, -21.2698373, 0.0 ], [ -58.5519753, -21.2697124, 0.0 ], [ -58.5513584, -21.2697724, 0.0 ], [ -58.5488649, -21.2693516, 0.0 ], [ -58.5473871, -21.2720941, 0.0 ], [ -58.5477358, -21.2730289, 0.0 ], [ -58.5478324, -21.2738637, 0.0 ], [ -58.5476438, -21.2745555, 0.0 ], [ -58.542983, -21.2745981, 0.0 ], [ -58.5422413, -21.2730528, 0.0 ], [ -58.5416887, -21.2728578, 0.0 ], [ -58.5412757, -21.272318, 0.0 ], [ -58.5403248, -21.2720793, 0.0 ], [ -58.5398236, -21.2716277, 0.0 ], [ -58.53874, -21.2711178, 0.0 ], [ -58.5378765, -21.2705404, 0.0 ], [ -58.5375291, -21.2704179, 0.0 ], [ -58.5360027, -21.2698319, 0.0 ], [ -58.5360803, -21.2649591, 0.0 ] ] ] } },
{ "type": "Feature", "properties": { "Name": "2I" }, "geometry": { "type": "Polygon", "coordinates": [ [ [ -58.5291517, -21.274775, 0.0 ], [ -58.5254191, -21.2748119, 0.0 ], [ -58.52537, -21.2733208, 0.0 ], [ -58.5253007, -21.2718803, 0.0 ], [ -58.5252009, -21.2697644, 0.0 ], [ -58.5259324, -21.2688641, 0.0 ], [ -58.5269614, -21.2653955, 0.0 ], [ -58.5360803, -21.2649591, 0.0 ], [ -58.5360027, -21.2698319, 0.0 ], [ -58.5355219, -21.269534, 0.0 ], [ -58.5347561, -21.2693415, 0.0 ], [ -58.5338455, -21.2696477, 0.0 ], [ -58.5328611, -21.2701001, 0.0 ], [ -58.5321396, -21.2703551, 0.0 ], [ -58.5311426, -21.271386, 0.0 ], [ -58.5305288, -21.2721142, 0.0 ], [ -58.5291517, -21.274775, 0.0 ] ] ] } },
{ "type": "Feature", "properties": { "Name": "2E" }, "geometry": { "type": "Polygon", "coordinates": [ [ [ -58.518257, -21.2930541, 0.0 ], [ -58.5252928, -21.2930957, 0.0 ], [ -58.5252914, -21.3012127, 0.0 ], [ -58.5247753, -21.301419, 0.0 ], [ -58.5181652, -21.3014162, 0.0 ], [ -58.518257, -21.2930541, 0.0 ] ] ] } },
{ "type": "Feature", "properties": { "Name": "3 DEPOSITO" }, "geometry": { "type": "Polygon", "coordinates": [ [ [ -58.5521915, -21.2287604, 0.0 ], [ -58.5548278, -21.2282613, 0.0 ], [ -58.5548759, -21.2283918, 0.0 ], [ -58.5567103, -21.2280022, 0.0 ], [ -58.5567712, -21.2346645, 0.0 ], [ -58.5524677, -21.2346579, 0.0 ], [ -58.5521915, -21.2287604, 0.0 ] ] ] } },
{ "type": "Feature", "properties": { "Name": "3Q" }, "geometry": { "type": "Polygon", "coordinates": [ [ [ -58.5346641, -21.2337775, 0.0 ], [ -58.534323, -21.228812, 0.0 ], [ -58.5521926, -21.2288583, 0.0 ], [ -58.5524123, -21.2337062, 0.0 ], [ -58.5346641, -21.2337775, 0.0 ] ] ] } },
{ "type": "Feature", "properties": { "Name": "3R" }, "geometry": { "type": "Polygon", "coordinates": [ [ [ -58.532134, -21.2209016, 0.0 ], [ -58.5565997, -21.2210263, 0.0 ], [ -58.5567103, -21.2280022, 0.0 ], [ -58.5548759, -21.2283918, 0.0 ], [ -58.5548278, -21.2282613, 0.0 ], [ -58.5521915, -21.2287604, 0.0 ], [ -58.5521926, -21.2288583, 0.0 ], [ -58.534323, -21.228812, 0.0 ], [ -58.5342105, -21.22712, 0.0 ], [ -58.5318506, -21.2246009, 0.0 ], [ -58.532134, -21.2209016, 0.0 ] ] ] } },
{ "type": "Feature", "properties": { "Name": "3M" }, "geometry": { "type": "Polygon", "coordinates": [ [ [ -58.5446778, -21.2611249, 0.0 ], [ -58.5367518, -21.2611848, 0.0 ], [ -58.5375081, -21.2569129, 0.0 ], [ -58.5446662, -21.2567929, 0.0 ], [ -58.5446778, -21.2611249, 0.0 ] ] ] } },
{ "type": "Feature", "properties": { "Name": "3P" }, "geometry": { "type": "Polygon", "coordinates": [ [ [ -58.538653, -21.2410721, 0.0 ], [ -58.5374472, -21.2337669, 0.0 ], [ -58.5524227, -21.2337052, 0.0 ], [ -58.5524677, -21.2346579, 0.0 ], [ -58.5567712, -21.2346645, 0.0 ], [ -58.5569206, -21.2389383, 0.0 ], [ -58.538653, -21.2410721, 0.0 ] ] ] } },
{ "type": "Feature", "properties": { "Name": "3T" }, "geometry": { "type": "Polygon", "coordinates": [ [ [ -58.5346641, -21.2337775, 0.0 ], [ -58.5260234, -21.2339931, 0.0 ], [ -58.5225429, -21.237509, 0.0 ], [ -58.5220567, -21.2394956, 0.0 ], [ -58.5219843, -21.2407281, 0.0 ], [ -58.5219853, -21.2414347, 0.0 ], [ -58.5112444, -21.239491, 0.0 ], [ -58.5111974, -21.2290495, 0.0 ], [ -58.534323, -21.228812, 0.0 ], [ -58.5346641, -21.2337775, 0.0 ] ] ] } },
{ "type": "Feature", "properties": { "Name": "3N" }, "geometry": { "type": "Polygon", "coordinates": [ [ [ -58.5379433, -21.2567578, 0.0 ], [ -58.5377615, -21.2555998, 0.0 ], [ -58.5363241, -21.2554812, 0.0 ], [ -58.5362651, -21.2554449, 0.0 ], [ -58.5346074, -21.2496261, 0.0 ], [ -58.5347679, -21.2478775, 0.0 ], [ -58.5445012, -21.2478182, 0.0 ], [ -58.5446614, -21.2566421, 0.0 ], [ -58.5379433, -21.2567578, 0.0 ] ] ] } },
{ "type": "Feature", "properties": { "Name": "3G" }, "geometry": { "type": "Polygon", "coordinates": [ [ [ -58.589083, -21.23978, 0.0 ], [ -58.589158, -21.24893, 0.0 ], [ -58.579413, -21.248943, 0.0 ], [ -58.57932, -21.239779, 0.0 ], [ -58.589083, -21.23978, 0.0 ] ] ] } },
{ "type": "Feature", "properties": { "Name": "3H" }, "geometry": { "type": "Polygon", "coordinates": [ [ [ -58.578542, -21.239774, 0.0 ], [ -58.578594, -21.248963, 0.0 ], [ -58.568818, -21.248984, 0.0 ], [ -58.568751, -21.239779, 0.0 ], [ -58.578542, -21.239774, 0.0 ] ] ] } },
{ "type": "Feature", "properties": { "Name": "3A" }, "geometry": { "type": "Polygon", "coordinates": [ [ [ -58.568019, -21.248994, 0.0 ], [ -58.55823, -21.249027, 0.0 ], [ -58.558174, -21.239785, 0.0 ], [ -58.567932, -21.239761, 0.0 ], [ -58.568019, -21.248994, 0.0 ] ] ] } },
{ "type": "Feature", "properties": { "Name": "3D" }, "geometry": { "type": "Polygon", "coordinates": [ [ [ -58.5890919, -21.2498742, 0.0 ], [ -58.5891999, -21.2588015, 0.0 ], [ -58.5796597, -21.2588157, 0.0 ], [ -58.579547, -21.2498102, 0.0 ], [ -58.5890919, -21.2498742, 0.0 ] ] ] } },
{ "type": "Feature", "properties": { "Name": "3C" }, "geometry": { "type": "Polygon", "coordinates": [ [ [ -58.578623, -21.249762, 0.0 ], [ -58.578689, -21.258854, 0.0 ], [ -58.56897, -21.258888, 0.0 ], [ -58.568858, -21.249775, 0.0 ], [ -58.578623, -21.249762, 0.0 ] ] ] } },
{ "type": "Feature", "properties": { "Name": "3F" }, "geometry": { "type": "Polygon", "coordinates": [ [ [ -58.5998293, -21.2588435, 0.0 ], [ -58.5903799, -21.2588148, 0.0 ], [ -58.5902189, -21.24988, 0.0 ], [ -58.5998041, -21.249834, 0.0 ], [ -58.5998293, -21.2588435, 0.0 ] ] ] } },
{ "type": "Feature", "properties": { "Name": "3E" }, "geometry": { "type": "Polygon", "coordinates": [ [ [ -58.59979, -21.264224, 0.0 ], [ -58.5797094, -21.2642587, 0.0 ], [ -58.5796883, -21.2597612, 0.0 ], [ -58.5998244, -21.2597677, 0.0 ], [ -58.59979, -21.264224, 0.0 ] ] ] } },
{ "type": "Feature", "properties": { "Name": "3B" }, "geometry": { "type": "Polygon", "coordinates": [ [ [ -58.5679123, -21.2497916, 0.0 ], [ -58.5680001, -21.2588195, 0.0 ], [ -58.5574041, -21.2588489, 0.0 ], [ -58.5573389, -21.2498267, 0.0 ], [ -58.5679123, -21.2497916, 0.0 ] ] ] } },
{ "type": "Feature", "properties": { "Name": "3C" }, "geometry": { "type": "Polygon", "coordinates": [ [ [ -58.568013, -21.2597439, 0.0 ], [ -58.5680962, -21.2687541, 0.0 ], [ -58.5575298, -21.2687686, 0.0 ], [ -58.557444, -21.2597976, 0.0 ], [ -58.568013, -21.2597439, 0.0 ] ] ] } },
{ "type": "Feature", "properties": { "Name": "3D" }, "geometry": { "type": "Polygon", "coordinates": [ [ [ -58.5690214, -21.2597266, 0.0 ], [ -58.5786456, -21.2596981, 0.0 ], [ -58.5787357, -21.2687259, 0.0 ], [ -58.5691568, -21.268741, 0.0 ], [ -58.5690214, -21.2597266, 0.0 ] ] ] } },
{ "type": "Feature", "properties": { "Name": "3L" }, "geometry": { "type": "Polygon", "coordinates": [ [ [ -58.5571307, -21.2565532, 0.0 ], [ -58.5571835, -21.261083, 0.0 ], [ -58.5446778, -21.2611249, 0.0 ], [ -58.5446554, -21.2567898, 0.0 ], [ -58.5571307, -21.2565532, 0.0 ] ] ] } },
{ "type": "Feature", "properties": { "Name": "3K" }, "geometry": { "type": "Polygon", "coordinates": [ [ [ -58.5445901, -21.2523855, 0.0 ], [ -58.5557188, -21.2522463, 0.0 ], [ -58.5557377, -21.2526675, 0.0 ], [ -58.5557565, -21.2526812, 0.0 ], [ -58.5570838, -21.252703, 0.0 ], [ -58.5571307, -21.2565532, 0.0 ], [ -58.5446662, -21.2567929, 0.0 ], [ -58.5445901, -21.2523855, 0.0 ] ] ] } },
{ "type": "Feature", "properties": { "Name": "3J" }, "geometry": { "type": "Polygon", "coordinates": [ [ [ -58.5570254, -21.2477616, 0.0 ], [ -58.557079, -21.2517288, 0.0 ], [ -58.5557337, -21.2519051, 0.0 ], [ -58.5557188, -21.2522463, 0.0 ], [ -58.5445901, -21.2523855, 0.0 ], [ -58.5445012, -21.2478182, 0.0 ], [ -58.5570254, -21.2477616, 0.0 ] ] ] } },
{ "type": "Feature", "properties": { "Name": "3I" }, "geometry": { "type": "Polygon", "coordinates": [ [ [ -58.5569691, -21.2429326, 0.0 ], [ -58.5557269, -21.2430056, 0.0 ], [ -58.5557168, -21.2435025, 0.0 ], [ -58.5444225, -21.2434652, 0.0 ], [ -58.5443619, -21.2404103, 0.0 ], [ -58.5569206, -21.2389383, 0.0 ], [ -58.5569691, -21.2429326, 0.0 ] ] ] } },
{ "type": "Feature", "properties": { "Name": "3U" }, "geometry": { "type": "Polygon", "coordinates": [ [ [ -58.5362651, -21.2554449, 0.0 ], [ -58.5363265, -21.256928, 0.0 ], [ -58.5113169, -21.2574547, 0.0 ], [ -58.5112444, -21.239491, 0.0 ], [ -58.5272695, -21.2423692, 0.0 ], [ -58.5377055, -21.2411831, 0.0 ], [ -58.5349078, -21.2459658, 0.0 ], [ -58.5346074, -21.2496261, 0.0 ], [ -58.5362651, -21.2554449, 0.0 ] ] ] } },
{ "type": "Feature", "properties": { "Name": "3Ñ" }, "geometry": { "type": "Polygon", "coordinates": [ [ [ -58.5445012, -21.2478182, 0.0 ], [ -58.5347679, -21.2478775, 0.0 ], [ -58.5349078, -21.2459658, 0.0 ], [ -58.5377055, -21.2411831, 0.0 ], [ -58.5443619, -21.2404103, 0.0 ], [ -58.5445012, -21.2478182, 0.0 ] ] ] } },
{ "type": "Feature", "properties": { "Name": "3S" }, "geometry": { "type": "Polygon", "coordinates": [ [ [ -58.5111974, -21.2290495, 0.0 ], [ -58.5111564, -21.2209028, 0.0 ], [ -58.532134, -21.2209016, 0.0 ], [ -58.5318506, -21.2246009, 0.0 ], [ -58.5342105, -21.22712, 0.0 ], [ -58.534323, -21.228812, 0.0 ], [ -58.5111974, -21.2290495, 0.0 ] ] ] } },
{ "type": "Feature", "properties": { "Name": "3A" }, "geometry": { "type": "Polygon", "coordinates": [ [ [ -58.5444225, -21.2434652, 0.0 ], [ -58.5557168, -21.2435025, 0.0 ], [ -58.5557153, -21.2439886, 0.0 ], [ -58.5569783, -21.2438675, 0.0 ], [ -58.5570254, -21.2477616, 0.0 ], [ -58.5445012, -21.2478182, 0.0 ], [ -58.5444225, -21.2434652, 0.0 ] ] ] } },
{ "type": "Feature", "properties": { "Name": "3O" }, "geometry": { "type": "Polygon", "coordinates": [ [ [ -58.538653, -21.2410721, 0.0 ], [ -58.5272695, -21.2423692, 0.0 ], [ -58.5219853, -21.2414347, 0.0 ], [ -58.5219859, -21.2407361, 0.0 ], [ -58.5220564, -21.2395047, 0.0 ], [ -58.5225429, -21.237509, 0.0 ], [ -58.5260234, -21.2339931, 0.0 ], [ -58.5346641, -21.2337775, 0.0 ], [ -58.5374472, -21.2337669, 0.0 ], [ -58.538653, -21.2410721, 0.0 ] ] ] } },
{ "type": "Feature", "properties": { "Name": "R4F1" }, "geometry": { "type": "Polygon", "coordinates": [ [ [ -58.666633, -21.278548, 0.0 ], [ -58.657128, -21.278517, 0.0 ], [ -58.657139, -21.26973, 0.0 ], [ -58.666748, -21.269774, 0.0 ], [ -58.666633, -21.278548, 0.0 ] ] ] } },
{ "type": "Feature", "properties": { "Name": "R4C2" }, "geometry": { "type": "Polygon", "coordinates": [ [ [ -58.656276, -21.239883, 0.0 ], [ -58.656235, -21.248946, 0.0 ], [ -58.646482, -21.248902, 0.0 ], [ -58.64649, -21.239882, 0.0 ], [ -58.656276, -21.239883, 0.0 ] ] ] } },
{ "type": "Feature", "properties": { "Name": "R4C3" }, "geometry": { "type": "Polygon", "coordinates": [ [ [ -58.645557, -21.239897, 0.0 ], [ -58.645577, -21.248915, 0.0 ], [ -58.635873, -21.248917, 0.0 ], [ -58.635825, -21.239902, 0.0 ], [ -58.645557, -21.239897, 0.0 ] ] ] } },
{ "type": "Feature", "properties": { "Name": "R4D2" }, "geometry": { "type": "Polygon", "coordinates": [ [ [ -58.65621, -21.249845, 0.0 ], [ -58.656225, -21.258907, 0.0 ], [ -58.646462, -21.258911, 0.0 ], [ -58.646513, -21.24985, 0.0 ], [ -58.65621, -21.249845, 0.0 ] ] ] } },
{ "type": "Feature", "properties": { "Name": "R4E2" }, "geometry": { "type": "Polygon", "coordinates": [ [ [ -58.656112, -21.268724, 0.0 ], [ -58.64644, -21.268673, 0.0 ], [ -58.646467, -21.259722, 0.0 ], [ -58.656204, -21.259757, 0.0 ], [ -58.656112, -21.268724, 0.0 ] ] ] } },
{ "type": "Feature", "properties": { "Name": "R4F2" }, "geometry": { "type": "Polygon", "coordinates": [ [ [ -58.65608, -21.278476, 0.0 ], [ -58.64649, -21.27843, 0.0 ], [ -58.646472, -21.269662, 0.0 ], [ -58.656112, -21.269714, 0.0 ], [ -58.65608, -21.278476, 0.0 ] ] ] } },
{ "type": "Feature", "properties": { "Name": "R4C4" }, "geometry": { "type": "Polygon", "coordinates": [ [ [ -58.634896, -21.239924, 0.0 ], [ -58.63486, -21.248898, 0.0 ], [ -58.625296, -21.248886, 0.0 ], [ -58.625326, -21.239927, 0.0 ], [ -58.634896, -21.239924, 0.0 ] ] ] } },
{ "type": "Feature", "properties": { "Name": "R4D3" }, "geometry": { "type": "Polygon", "coordinates": [ [ [ -58.645521, -21.249839, 0.0 ], [ -58.645479, -21.258867, 0.0 ], [ -58.63588, -21.258872, 0.0 ], [ -58.635909, -21.249849, 0.0 ], [ -58.645521, -21.249839, 0.0 ] ] ] } },
{ "type": "Feature", "properties": { "Name": "R4E3" }, "geometry": { "type": "Polygon", "coordinates": [ [ [ -58.645482, -21.268661, 0.0 ], [ -58.635898, -21.268662, 0.0 ], [ -58.635902, -21.259748, 0.0 ], [ -58.645461, -21.259707, 0.0 ], [ -58.645482, -21.268661, 0.0 ] ] ] } },
{ "type": "Feature", "properties": { "Name": "R4F3" }, "geometry": { "type": "Polygon", "coordinates": [ [ [ -58.645314, -21.278457, 0.0 ], [ -58.63567, -21.278493, 0.0 ], [ -58.635699, -21.269623, 0.0 ], [ -58.645267, -21.269628, 0.0 ], [ -58.645314, -21.278457, 0.0 ] ] ] } },
{ "type": "Feature", "properties": { "Name": "R4F4" }, "geometry": { "type": "Polygon", "coordinates": [ [ [ -58.6348004, -21.2696903, 0.0 ], [ -58.6348244, -21.2785393, 0.0 ], [ -58.6250835, -21.2784983, 0.0 ], [ -58.6250775, -21.2696863, 0.0 ], [ -58.6348004, -21.2696903, 0.0 ] ] ] } },
{ "type": "Feature", "properties": { "Name": "R4D1" }, "geometry": { "type": "Polygon", "coordinates": [ [ [ -58.666738, -21.249855, 0.0 ], [ -58.666753, -21.258913, 0.0 ], [ -58.657085, -21.258903, 0.0 ], [ -58.657077, -21.249858, 0.0 ], [ -58.666738, -21.249855, 0.0 ] ] ] } },
{ "type": "Feature", "properties": { "Name": "R4E4" }, "geometry": { "type": "Polygon", "coordinates": [ [ [ -58.634953, -21.259768, 0.0 ], [ -58.634979, -21.268655, 0.0 ], [ -58.625213, -21.268659, 0.0 ], [ -58.625317, -21.259736, 0.0 ], [ -58.634953, -21.259768, 0.0 ] ] ] } },
{ "type": "Feature", "properties": { "Name": "R4E1" }, "geometry": { "type": "Polygon", "coordinates": [ [ [ -58.666738, -21.268783, 0.0 ], [ -58.657128, -21.268705, 0.0 ], [ -58.657084, -21.259781, 0.0 ], [ -58.666711, -21.259863, 0.0 ], [ -58.666738, -21.268783, 0.0 ] ] ] } },
{ "type": "Feature", "properties": { "Name": "R4C1" }, "geometry": { "type": "Polygon", "coordinates": [ [ [ -58.666727, -21.239838, 0.0 ], [ -58.666751, -21.248933, 0.0 ], [ -58.657044, -21.248946, 0.0 ], [ -58.657133, -21.239887, 0.0 ], [ -58.666727, -21.239838, 0.0 ] ] ] } },
{ "type": "Feature", "properties": { "Name": "5H NATURAL" }, "geometry": { "type": "Polygon", "coordinates": [ [ [ -58.6185276, -21.3575944, 0.0 ], [ -58.6184929, -21.3671346, 0.0 ], [ -58.605274, -21.3670913, 0.0 ], [ -58.6053149, -21.3575661, 0.0 ], [ -58.6185276, -21.3575944, 0.0 ] ] ] } },
{ "type": "Feature", "properties": { "Name": "5I NATURAL" }, "geometry": { "type": "Polygon", "coordinates": [ [ [ -58.6184929, -21.3671346, 0.0 ], [ -58.6184555, -21.3771325, 0.0 ], [ -58.6052384, -21.3770867, 0.0 ], [ -58.605274, -21.3670913, 0.0 ], [ -58.6184929, -21.3671346, 0.0 ] ] ] } },
{ "type": "Feature", "properties": { "Name": "5J NATURAL" }, "geometry": { "type": "Polygon", "coordinates": [ [ [ -58.6340163, -21.3672736, 0.0 ], [ -58.6341241, -21.3772077, 0.0 ], [ -58.6184555, -21.3771325, 0.0 ], [ -58.6184929, -21.3671346, 0.0 ], [ -58.6340163, -21.3672736, 0.0 ] ] ] } },
{ "type": "Feature", "properties": { "Name": "5F NATURAL" }, "geometry": { "type": "Polygon", "coordinates": [ [ [ -58.6337684, -21.3455131, 0.0 ], [ -58.6339117, -21.3576282, 0.0 ], [ -58.6185276, -21.3575944, 0.0 ], [ -58.618493, -21.345561, 0.0 ], [ -58.6337684, -21.3455131, 0.0 ] ] ] } },
{ "type": "Feature", "properties": { "Name": "5G NATURAL" }, "geometry": { "type": "Polygon", "coordinates": [ [ [ -58.6054191, -21.3456009, 0.0 ], [ -58.618493, -21.345561, 0.0 ], [ -58.6185276, -21.3575944, 0.0 ], [ -58.6053149, -21.3575661, 0.0 ], [ -58.6054191, -21.3456009, 0.0 ] ] ] } },
{ "type": "Feature", "properties": { "Name": "5E NATURAL" }, "geometry": { "type": "Polygon", "coordinates": [ [ [ -58.6054936, -21.337519, 0.0 ], [ -58.6055036, -21.3365089, 0.0 ], [ -58.6078455, -21.3368652, 0.0 ], [ -58.6174246, -21.3408208, 0.0 ], [ -58.6199353, -21.3407175, 0.0 ], [ -58.6287106, -21.3420298, 0.0 ], [ -58.6322851, -21.3455161, 0.0 ], [ -58.6054191, -21.3456009, 0.0 ], [ -58.6054936, -21.337519, 0.0 ] ] ] } },
{ "type": "Feature", "properties": { "Name": "5O NATURAL" }, "geometry": { "type": "Polygon", "coordinates": [ [ [ -58.6444383, -21.3576769, 0.0 ], [ -58.6455419, -21.3673278, 0.0 ], [ -58.6340163, -21.3672736, 0.0 ], [ -58.6339117, -21.3576282, 0.0 ], [ -58.6444383, -21.3576769, 0.0 ] ] ] } },
{ "type": "Feature", "properties": { "Name": "5D NATURAL" }, "geometry": { "type": "Polygon", "coordinates": [ [ [ -58.6055385, -21.3283206, 0.0 ], [ -58.609264, -21.3283305, 0.0 ], [ -58.6100475, -21.3288199, 0.0 ], [ -58.6239565, -21.3288699, 0.0 ], [ -58.6240093, -21.3360203, 0.0 ], [ -58.6291494, -21.3360037, 0.0 ], [ -58.6291096, -21.3424175, 0.0 ], [ -58.6287106, -21.3420298, 0.0 ], [ -58.6199353, -21.3407175, 0.0 ], [ -58.6174246, -21.3408208, 0.0 ], [ -58.6078455, -21.3368652, 0.0 ], [ -58.6055036, -21.3365089, 0.0 ], [ -58.6055385, -21.3283206, 0.0 ] ] ] } },
{ "type": "Feature", "properties": { "Name": "5Ñ NATURAL" }, "geometry": { "type": "Polygon", "coordinates": [ [ [ -58.666693, -21.3577502, 0.0 ], [ -58.6665795, -21.3674773, 0.0 ], [ -58.6455419, -21.3673278, 0.0 ], [ -58.6444383, -21.3576769, 0.0 ], [ -58.666693, -21.3577502, 0.0 ] ] ] } },
{ "type": "Feature", "properties": { "Name": "5K NATURAL" }, "geometry": { "type": "Polygon", "coordinates": [ [ [ -58.6460178, -21.3772889, 0.0 ], [ -58.6341241, -21.3772077, 0.0 ], [ -58.6340163, -21.3672736, 0.0 ], [ -58.6455419, -21.3673278, 0.0 ], [ -58.6463891, -21.3763692, 0.0 ], [ -58.6467527, -21.3769342, 0.0 ], [ -58.6459883, -21.3769243, 0.0 ], [ -58.6460178, -21.3772889, 0.0 ] ] ] } },
{ "type": "Feature", "properties": { "Name": "5N NATURAL" }, "geometry": { "type": "Polygon", "coordinates": [ [ [ -58.6666928, -21.357841, 0.0 ], [ -58.6863001, -21.3579222, 0.0 ], [ -58.6862221, -21.3676071, 0.0 ], [ -58.6665795, -21.3674773, 0.0 ], [ -58.6666928, -21.357841, 0.0 ] ] ] } },
{ "type": "Feature", "properties": { "Name": "5L NATURAL" }, "geometry": { "type": "Polygon", "coordinates": [ [ [ -58.6455419, -21.3673278, 0.0 ], [ -58.6665795, -21.3674773, 0.0 ], [ -58.6664497, -21.377442, 0.0 ], [ -58.646785, -21.3772938, 0.0 ], [ -58.6467527, -21.3769342, 0.0 ], [ -58.6463891, -21.3763692, 0.0 ], [ -58.6455419, -21.3673278, 0.0 ] ] ] } },
{ "type": "Feature", "properties": { "Name": "5M NATURAL" }, "geometry": { "type": "Polygon", "coordinates": [ [ [ -58.6862531, -21.3775558, 0.0 ], [ -58.6664497, -21.377442, 0.0 ], [ -58.6665795, -21.3674773, 0.0 ], [ -58.6862221, -21.3676071, 0.0 ], [ -58.6862531, -21.3775558, 0.0 ] ] ] } },
{ "type": "Feature", "properties": { "Name": "R5 DEPOSITO" }, "geometry": { "type": "Polygon", "coordinates": [ [ [ -58.6400537, -21.3459429, 0.0 ], [ -58.639897, -21.357657, 0.0 ], [ -58.6339117, -21.3576282, 0.0 ], [ -58.633768, -21.3454845, 0.0 ], [ -58.6400537, -21.3459429, 0.0 ] ] ] } },
{ "type": "Feature", "properties": { "Name": "5K NATURAL" }, "geometry": { "type": "Polygon", "coordinates": [ [ [ -58.6339117, -21.3576282, 0.0 ], [ -58.6340163, -21.3672736, 0.0 ], [ -58.6184929, -21.3671346, 0.0 ], [ -58.6185276, -21.3575944, 0.0 ], [ -58.6339117, -21.3576282, 0.0 ] ] ] } },
{ "type": "Feature", "properties": { "Name": "R6A1" }, "geometry": { "type": "Polygon", "coordinates": [ [ [ -58.6662799, -21.3913691, 0.0 ], [ -58.6663865, -21.3824741, 0.0 ], [ -58.6679962, -21.3830334, 0.0 ], [ -58.6699695, -21.3838006, 0.0 ], [ -58.6714608, -21.3848096, 0.0 ], [ -58.6733491, -21.3855889, 0.0 ], [ -58.6748511, -21.3857087, 0.0 ], [ -58.6753581, -21.3857049, 0.0 ], [ -58.6761842, -21.3853028, 0.0 ], [ -58.6775651, -21.385484, 0.0 ], [ -58.6782732, -21.3859535, 0.0 ], [ -58.6802258, -21.3877717, 0.0 ], [ -58.6806186, -21.387636, 0.0 ], [ -58.6814037, -21.3863306, 0.0 ], [ -58.6862246, -21.3863043, 0.0 ], [ -58.6862061, -21.3914885, 0.0 ], [ -58.6662799, -21.3913691, 0.0 ] ] ] } },
{ "type": "Feature", "properties": { "Name": "R6 DEPOSITO" }, "geometry": { "type": "Polygon", "coordinates": [ [ [ -58.6472924, -21.3875594, 0.0 ], [ -58.6531998, -21.3876503, 0.0 ], [ -58.6663225, -21.3878152, 0.0 ], [ -58.6662799, -21.3913691, 0.0 ], [ -58.647648, -21.3913908, 0.0 ], [ -58.6472924, -21.3875594, 0.0 ] ] ] } },
{ "type": "Feature", "properties": { "Name": "R6 F" }, "geometry": { "type": "Polygon", "coordinates": [ [ [ -58.6082413, -21.3862168, 0.0 ], [ -58.6203355, -21.3862666, 0.0 ], [ -58.620468, -21.3952616, 0.0 ], [ -58.6082335, -21.395197, 0.0 ], [ -58.6082413, -21.3862168, 0.0 ] ] ] } },
{ "type": "Feature", "properties": { "Name": "R6 G" }, "geometry": { "type": "Polygon", "coordinates": [ [ [ -58.6203355, -21.3862666, 0.0 ], [ -58.6318142, -21.3863285, 0.0 ], [ -58.6318047, -21.3913812, 0.0 ], [ -58.6204108, -21.3913651, 0.0 ], [ -58.6203355, -21.3862666, 0.0 ] ] ] } },
{ "type": "Feature", "properties": { "Name": "R6 E" }, "geometry": { "type": "Polygon", "coordinates": [ [ [ -58.6082499, -21.3770966, 0.0 ], [ -58.6202105, -21.37714, 0.0 ], [ -58.6203353, -21.3861048, 0.0 ], [ -58.6082454, -21.3860345, 0.0 ], [ -58.6082499, -21.3770966, 0.0 ] ] ] } },
{ "type": "Feature", "properties": { "Name": "R6 D" }, "geometry": { "type": "Polygon", "coordinates": [ [ [ -58.6202105, -21.37714, 0.0 ], [ -58.6318205, -21.3771956, 0.0 ], [ -58.6318111, -21.3861666, 0.0 ], [ -58.6203353, -21.3861048, 0.0 ], [ -58.6202105, -21.37714, 0.0 ] ] ] } },
{ "type": "Feature", "properties": { "Name": "R6B1" }, "geometry": { "type": "Polygon", "coordinates": [ [ [ -58.6664497, -21.377442, 0.0 ], [ -58.6663225, -21.3878152, 0.0 ], [ -58.6563889, -21.3876918, 0.0 ], [ -58.6562686, -21.3773639, 0.0 ], [ -58.6664497, -21.377442, 0.0 ] ] ] } },
{ "type": "Feature", "properties": { "Name": "R6B2" }, "geometry": { "type": "Polygon", "coordinates": [ [ [ -58.6463164, -21.3772916, 0.0 ], [ -58.6562686, -21.3773639, 0.0 ], [ -58.6563889, -21.3876918, 0.0 ], [ -58.6472924, -21.3875594, 0.0 ], [ -58.6463164, -21.3772916, 0.0 ] ] ] } },
{ "type": "Feature", "properties": { "Name": "R6B3" }, "geometry": { "type": "Polygon", "coordinates": [ [ [ -58.6419395, -21.3863858, 0.0 ], [ -58.6425456, -21.3863896, 0.0 ], [ -58.6422787, -21.3861635, 0.0 ], [ -58.6418965, -21.3862097, 0.0 ], [ -58.6401221, -21.3772454, 0.0 ], [ -58.6463164, -21.3772916, 0.0 ], [ -58.647648, -21.3913908, 0.0 ], [ -58.6419555, -21.3913925, 0.0 ], [ -58.6419395, -21.3863858, 0.0 ] ] ] } },
{ "type": "Feature", "properties": { "Name": "R6 H2" }, "geometry": { "type": "Polygon", "coordinates": [ [ [ -58.6318077, -21.389153, 0.0 ], [ -58.6368005, -21.388877, 0.0 ], [ -58.6368017, -21.3892501, 0.0 ], [ -58.637174, -21.3892912, 0.0 ], [ -58.6372119, -21.3913871, 0.0 ], [ -58.6318047, -21.3913812, 0.0 ], [ -58.6318077, -21.389153, 0.0 ] ] ] } },
{ "type": "Feature", "properties": { "Name": "R6 H1" }, "geometry": { "type": "Polygon", "coordinates": [ [ [ -58.6318142, -21.3863285, 0.0 ], [ -58.6371368, -21.3863568, 0.0 ], [ -58.6371145, -21.3886033, 0.0 ], [ -58.6368006, -21.388577, 0.0 ], [ -58.6368005, -21.388877, 0.0 ], [ -58.6318077, -21.389153, 0.0 ], [ -58.6318142, -21.3863285, 0.0 ] ] ] } },
{ "type": "Feature", "properties": { "Name": "R6 H4" }, "geometry": { "type": "Polygon", "coordinates": [ [ [ -58.6375257, -21.388636, 0.0 ], [ -58.6372495, -21.3886122, 0.0 ], [ -58.6372766, -21.3863597, 0.0 ], [ -58.6419395, -21.3863858, 0.0 ], [ -58.6419499, -21.3892934, 0.0 ], [ -58.6375283, -21.3889633, 0.0 ], [ -58.6375257, -21.388636, 0.0 ] ] ] } },
{ "type": "Feature", "properties": { "Name": "R6 H3" }, "geometry": { "type": "Polygon", "coordinates": [ [ [ -58.6419555, -21.3913925, 0.0 ], [ -58.6372119, -21.3913871, 0.0 ], [ -58.637174, -21.3892912, 0.0 ], [ -58.6375264, -21.3893209, 0.0 ], [ -58.6375283, -21.3889633, 0.0 ], [ -58.6419499, -21.3892934, 0.0 ], [ -58.6419555, -21.3913925, 0.0 ] ] ] } },
{ "type": "Feature", "properties": { "Name": "R6C1" }, "geometry": { "type": "Polygon", "coordinates": [ [ [ -58.6418965, -21.3862097, 0.0 ], [ -58.6372442, -21.3861898, 0.0 ], [ -58.6366912, -21.3830541, 0.0 ], [ -58.6370104, -21.3830354, 0.0 ], [ -58.6369483, -21.3826854, 0.0 ], [ -58.6411554, -21.3824954, 0.0 ], [ -58.6418965, -21.3862097, 0.0 ] ] ] } },
{ "type": "Feature", "properties": { "Name": "R6C4" }, "geometry": { "type": "Polygon", "coordinates": [ [ [ -58.6371073, -21.3861909, 0.0 ], [ -58.6318111, -21.3861666, 0.0 ], [ -58.6318092, -21.3828694, 0.0 ], [ -58.6361869, -21.3827122, 0.0 ], [ -58.6362313, -21.3830818, 0.0 ], [ -58.6365621, -21.3830653, 0.0 ], [ -58.6371073, -21.3861909, 0.0 ] ] ] } },
{ "type": "Feature", "properties": { "Name": "R6C3" }, "geometry": { "type": "Polygon", "coordinates": [ [ [ -58.6364449, -21.3823266, 0.0 ], [ -58.6361301, -21.3823379, 0.0 ], [ -58.6361869, -21.3827122, 0.0 ], [ -58.6318196, -21.3828728, 0.0 ], [ -58.6318205, -21.3771956, 0.0 ], [ -58.6365023, -21.3772192, 0.0 ], [ -58.6364449, -21.3823266, 0.0 ] ] ] } },
{ "type": "Feature", "properties": { "Name": "R6C2" }, "geometry": { "type": "Polygon", "coordinates": [ [ [ -58.6369483, -21.3826854, 0.0 ], [ -58.6368827, -21.3823173, 0.0 ], [ -58.6364449, -21.3823266, 0.0 ], [ -58.6365023, -21.3772192, 0.0 ], [ -58.6401221, -21.3772454, 0.0 ], [ -58.6411554, -21.3824954, 0.0 ], [ -58.6369483, -21.3826854, 0.0 ] ] ] } },
{ "type": "Feature", "properties": { "Name": "R6A2" }, "geometry": { "type": "Polygon", "coordinates": [ [ [ -58.6814037, -21.3863306, 0.0 ], [ -58.6811695, -21.3839325, 0.0 ], [ -58.6804775, -21.3816647, 0.0 ], [ -58.6799389, -21.3805876, 0.0 ], [ -58.679381, -21.3805077, 0.0 ], [ -58.6788231, -21.3799482, 0.0 ], [ -58.6779433, -21.3797684, 0.0 ], [ -58.6758834, -21.3798483, 0.0 ], [ -58.6734587, -21.3793887, 0.0 ], [ -58.6717206, -21.3789192, 0.0 ], [ -58.6706048, -21.3783847, 0.0 ], [ -58.6696958, -21.3778167, 0.0 ], [ -58.6694094, -21.3776346, 0.0 ], [ -58.6693544, -21.3774585, 0.0 ], [ -58.6862531, -21.3775558, 0.0 ], [ -58.6862246, -21.3863043, 0.0 ], [ -58.6814037, -21.3863306, 0.0 ] ] ] } },
{ "type": "Feature", "properties": { "Name": "R7 C2" }, "geometry": { "type": "Polygon", "coordinates": [ [ [ -58.5716623, -21.3359783, 0.0 ], [ -58.5817458, -21.3357326, 0.0 ], [ -58.5817072, -21.3457596, 0.0 ], [ -58.5717019, -21.3458011, 0.0 ], [ -58.5716623, -21.3359783, 0.0 ] ] ] } },
{ "type": "Feature", "properties": { "Name": "R7 A4" }, "geometry": { "type": "Polygon", "coordinates": [ [ [ -58.5943487, -21.367081, 0.0 ], [ -58.5942159, -21.3575448, 0.0 ], [ -58.6053149, -21.3575661, 0.0 ], [ -58.605274, -21.3670913, 0.0 ], [ -58.5943487, -21.367081, 0.0 ] ] ] } },
{ "type": "Feature", "properties": { "Name": "R7 C1" }, "geometry": { "type": "Polygon", "coordinates": [ [ [ -58.5717019, -21.3458011, 0.0 ], [ -58.5817072, -21.3457596, 0.0 ], [ -58.5816715, -21.3575141, 0.0 ], [ -58.5717436, -21.3575068, 0.0 ], [ -58.5717019, -21.3458011, 0.0 ] ] ] } },
{ "type": "Feature", "properties": { "Name": "R7 C4" }, "geometry": { "type": "Polygon", "coordinates": [ [ [ -58.5717436, -21.3575068, 0.0 ], [ -58.5658713, -21.3574566, 0.0 ], [ -58.5658151, -21.3489404, 0.0 ], [ -58.5604345, -21.3489219, 0.0 ], [ -58.5604178, -21.345846, 0.0 ], [ -58.5717019, -21.3458011, 0.0 ], [ -58.5717436, -21.3575068, 0.0 ] ] ] } },
{ "type": "Feature", "properties": { "Name": "R7 N" }, "geometry": { "type": "Polygon", "coordinates": [ [ [ -58.5718337, -21.3950861, 0.0 ], [ -58.5718199, -21.3859586, 0.0 ], [ -58.5843347, -21.3860923, 0.0 ], [ -58.5843238, -21.3950931, 0.0 ], [ -58.5718337, -21.3950861, 0.0 ] ] ] } },
{ "type": "Feature", "properties": { "Name": "R7 P" }, "geometry": { "type": "Polygon", "coordinates": [ [ [ -58.6082454, -21.3860345, 0.0 ], [ -58.5962983, -21.3860149, 0.0 ], [ -58.596307, -21.3770081, 0.0 ], [ -58.6082499, -21.3770966, 0.0 ], [ -58.6082454, -21.3860345, 0.0 ] ] ] } },
{ "type": "Feature", "properties": { "Name": "R7 Ñ" }, "geometry": { "type": "Polygon", "coordinates": [ [ [ -58.5843347, -21.3860923, 0.0 ], [ -58.5962926, -21.3861594, 0.0 ], [ -58.5962934, -21.3951518, 0.0 ], [ -58.5843238, -21.3950931, 0.0 ], [ -58.5843347, -21.3860923, 0.0 ] ] ] } },
{ "type": "Feature", "properties": { "Name": "R7 O" }, "geometry": { "type": "Polygon", "coordinates": [ [ [ -58.5962926, -21.3861594, 0.0 ], [ -58.6082413, -21.3862168, 0.0 ], [ -58.6082335, -21.395197, 0.0 ], [ -58.5962934, -21.3951518, 0.0 ], [ -58.5962926, -21.3861594, 0.0 ] ] ] } },
{ "type": "Feature", "properties": { "Name": "R7 Q" }, "geometry": { "type": "Polygon", "coordinates": [ [ [ -58.5843773, -21.3770341, 0.0 ], [ -58.5944883, -21.3769935, 0.0 ], [ -58.596307, -21.3770081, 0.0 ], [ -58.5962983, -21.3860149, 0.0 ], [ -58.5843671, -21.3859149, 0.0 ], [ -58.5843773, -21.3770341, 0.0 ] ] ] } },
{ "type": "Feature", "properties": { "Name": "R7 B2" }, "geometry": { "type": "Polygon", "coordinates": [ [ [ -58.5940493, -21.3456364, 0.0 ], [ -58.6054191, -21.3456009, 0.0 ], [ -58.6053149, -21.3575661, 0.0 ], [ -58.5942159, -21.3575448, 0.0 ], [ -58.5940493, -21.3456364, 0.0 ] ] ] } },
{ "type": "Feature", "properties": { "Name": "R7 B3" }, "geometry": { "type": "Polygon", "coordinates": [ [ [ -58.6054936, -21.337519, 0.0 ], [ -58.6054191, -21.3456009, 0.0 ], [ -58.5940493, -21.3456364, 0.0 ], [ -58.5939235, -21.3366555, 0.0 ], [ -58.6054936, -21.337519, 0.0 ] ] ] } },
{ "type": "Feature", "properties": { "Name": "R7 B1" }, "geometry": { "type": "Polygon", "coordinates": [ [ [ -58.5940493, -21.3456364, 0.0 ], [ -58.5942159, -21.3575448, 0.0 ], [ -58.5818643, -21.3575146, 0.0 ], [ -58.5818853, -21.3456717, 0.0 ], [ -58.5940493, -21.3456364, 0.0 ] ] ] } },
{ "type": "Feature", "properties": { "Name": "R7 A1" }, "geometry": { "type": "Polygon", "coordinates": [ [ [ -58.5943487, -21.367081, 0.0 ], [ -58.5861126, -21.3670407, 0.0 ], [ -58.5858118, -21.3662692, 0.0 ], [ -58.5826423, -21.3664843, 0.0 ], [ -58.5816972, -21.3577671, 0.0 ], [ -58.5818643, -21.3575146, 0.0 ], [ -58.5942159, -21.3575448, 0.0 ], [ -58.5943487, -21.367081, 0.0 ] ] ] } },
{ "type": "Feature", "properties": { "Name": "R7 A2" }, "geometry": { "type": "Polygon", "coordinates": [ [ [ -58.5846179, -21.3770392, 0.0 ], [ -58.5828941, -21.3706521, 0.0 ], [ -58.5868665, -21.3689991, 0.0 ], [ -58.5861126, -21.3670407, 0.0 ], [ -58.5943487, -21.367081, 0.0 ], [ -58.5944883, -21.3769935, 0.0 ], [ -58.5846179, -21.3770392, 0.0 ] ] ] } },
{ "type": "Feature", "properties": { "Name": "R7 A3" }, "geometry": { "type": "Polygon", "coordinates": [ [ [ -58.5943487, -21.367081, 0.0 ], [ -58.605274, -21.3670913, 0.0 ], [ -58.6052384, -21.3770867, 0.0 ], [ -58.5944883, -21.3769935, 0.0 ], [ -58.5943487, -21.367081, 0.0 ] ] ] } },
{ "type": "Feature", "properties": { "Name": "R7 C3" }, "geometry": { "type": "Polygon", "coordinates": [ [ [ -58.5604263, -21.336249, 0.0 ], [ -58.5716623, -21.3359783, 0.0 ], [ -58.5717019, -21.3458011, 0.0 ], [ -58.5604178, -21.345846, 0.0 ], [ -58.5604263, -21.336249, 0.0 ] ] ] } },
{ "type": "Feature", "properties": { "Name": "R7 J" }, "geometry": { "type": "Polygon", "coordinates": [ [ [ -58.5611442, -21.376952, 0.0 ], [ -58.5467142, -21.3769102, 0.0 ], [ -58.5467525, -21.3650375, 0.0 ], [ -58.5474429, -21.3652089, 0.0 ], [ -58.5480545, -21.3648691, 0.0 ], [ -58.5481296, -21.3636202, 0.0 ], [ -58.5487626, -21.3629707, 0.0 ], [ -58.5495994, -21.3624212, 0.0 ], [ -58.5510264, -21.3622513, 0.0 ], [ -58.5520027, -21.3627509, 0.0 ], [ -58.5535115, -21.3623136, 0.0 ], [ -58.5570982, -21.3627767, 0.0 ], [ -58.5583732, -21.36357, 0.0 ], [ -58.5605807, -21.3636199, 0.0 ], [ -58.5611442, -21.376952, 0.0 ] ] ] } },
{ "type": "Feature", "properties": { "Name": "R7 M" }, "geometry": { "type": "Polygon", "coordinates": [ [ [ -58.571866, -21.3769915, 0.0 ], [ -58.5842892, -21.3770376, 0.0 ], [ -58.5842866, -21.3859195, 0.0 ], [ -58.5718174, -21.385884, 0.0 ], [ -58.571866, -21.3769915, 0.0 ] ] ] } },
{ "type": "Feature", "properties": { "Name": "R7 B4" }, "geometry": { "type": "Polygon", "coordinates": [ [ [ -58.5939235, -21.3366555, 0.0 ], [ -58.5940493, -21.3456364, 0.0 ], [ -58.5818853, -21.3456717, 0.0 ], [ -58.5819049, -21.335747, 0.0 ], [ -58.5939235, -21.3366555, 0.0 ] ] ] } },
{ "type": "Feature", "properties": { "Name": "8A1" }, "geometry": { "type": "Polygon", "coordinates": [ [ [ -58.4485988, -21.3471766, 0.0 ], [ -58.4536798, -21.3468457, 0.0 ], [ -58.454072, -21.350502, 0.0 ], [ -58.4492416, -21.3508518, 0.0 ], [ -58.4485988, -21.3471766, 0.0 ] ] ] } },
{ "type": "Feature", "properties": { "Name": "8G3" }, "geometry": { "type": "Polygon", "coordinates": [ [ [ -58.3867036, -21.3507739, 0.0 ], [ -58.3866391, -21.3507663, 0.0 ], [ -58.3828731, -21.3508425, 0.0 ], [ -58.3828575, -21.3463937, 0.0 ], [ -58.3865269, -21.3463785, 0.0 ], [ -58.3867036, -21.3507739, 0.0 ] ] ] } },
{ "type": "Feature", "properties": { "Name": "8D1" }, "geometry": { "type": "Polygon", "coordinates": [ [ [ -58.417429, -21.3492665, 0.0 ], [ -58.4215135, -21.34898, 0.0 ], [ -58.4215404, -21.3527633, 0.0 ], [ -58.4175234, -21.3530285, 0.0 ], [ -58.417429, -21.3492665, 0.0 ] ] ] } },
{ "type": "Feature", "properties": { "Name": "8K1" }, "geometry": { "type": "Polygon", "coordinates": [ [ [ -58.4215115, -21.3620969, 0.0 ], [ -58.4215393, -21.3529439, 0.0 ], [ -58.4311553, -21.3522292, 0.0 ], [ -58.4312048, -21.3614686, 0.0 ], [ -58.4215115, -21.3620969, 0.0 ] ] ] } },
{ "type": "Feature", "properties": { "Name": "8K2" }, "geometry": { "type": "Polygon", "coordinates": [ [ [ -58.4215115, -21.3620969, 0.0 ], [ -58.4140946, -21.3625575, 0.0 ], [ -58.4133205, -21.3535185, 0.0 ], [ -58.4215393, -21.3529439, 0.0 ], [ -58.4215115, -21.3620969, 0.0 ] ] ] } },
{ "type": "Feature", "properties": { "Name": "8M" }, "geometry": { "type": "Polygon", "coordinates": [ [ [ -58.4021631, -21.3643693, 0.0 ], [ -58.3932328, -21.3645214, 0.0 ], [ -58.3924824, -21.3550278, 0.0 ], [ -58.4021559, -21.35433, 0.0 ], [ -58.4021631, -21.3643693, 0.0 ] ] ] } },
{ "type": "Feature", "properties": { "Name": "8N" }, "geometry": { "type": "Polygon", "coordinates": [ [ [ -58.3830744, -21.364768, 0.0 ], [ -58.3828381, -21.355712, 0.0 ], [ -58.3924824, -21.3550278, 0.0 ], [ -58.3932328, -21.3645214, 0.0 ], [ -58.3830744, -21.364768, 0.0 ] ] ] } },
{ "type": "Feature", "properties": { "Name": "8H3" }, "geometry": { "type": "Polygon", "coordinates": [ [ [ -58.3771199, -21.3509519, 0.0 ], [ -58.3721027, -21.3510469, 0.0 ], [ -58.372086, -21.3463805, 0.0 ], [ -58.3771477, -21.346385, 0.0 ], [ -58.3771199, -21.3509519, 0.0 ] ] ] } },
{ "type": "Feature", "properties": { "Name": "8H4" }, "geometry": { "type": "Polygon", "coordinates": [ [ [ -58.3771199, -21.3509519, 0.0 ], [ -58.3770852, -21.355982, 0.0 ], [ -58.372154, -21.3563417, 0.0 ], [ -58.3721027, -21.3510469, 0.0 ], [ -58.3771199, -21.3509519, 0.0 ] ] ] } },
{ "type": "Feature", "properties": { "Name": "8H1" }, "geometry": { "type": "Polygon", "coordinates": [ [ [ -58.3771199, -21.3509519, 0.0 ], [ -58.3828731, -21.3508425, 0.0 ], [ -58.3828589, -21.3554865, 0.0 ], [ -58.3770852, -21.355982, 0.0 ], [ -58.3771199, -21.3509519, 0.0 ] ] ] } },
{ "type": "Feature", "properties": { "Name": "8O" }, "geometry": { "type": "Polygon", "coordinates": [ [ [ -58.3708654, -21.3651798, 0.0 ], [ -58.3714464, -21.356477, 0.0 ], [ -58.3828381, -21.355712, 0.0 ], [ -58.3830858, -21.3652483, 0.0 ], [ -58.3708654, -21.3651798, 0.0 ] ] ] } },
{ "type": "Feature", "properties": { "Name": "8H2" }, "geometry": { "type": "Polygon", "coordinates": [ [ [ -58.3828731, -21.3508425, 0.0 ], [ -58.3771199, -21.3509519, 0.0 ], [ -58.3771477, -21.346385, 0.0 ], [ -58.3828575, -21.3463937, 0.0 ], [ -58.3828731, -21.3508425, 0.0 ] ] ] } },
{ "type": "Feature", "properties": { "Name": "8G4" }, "geometry": { "type": "Polygon", "coordinates": [ [ [ -58.3867036, -21.3507739, 0.0 ], [ -58.3868853, -21.3552003, 0.0 ], [ -58.3828589, -21.3554865, 0.0 ], [ -58.3828731, -21.3508425, 0.0 ], [ -58.3867036, -21.3507739, 0.0 ] ] ] } },
{ "type": "Feature", "properties": { "Name": "8G1" }, "geometry": { "type": "Polygon", "coordinates": [ [ [ -58.3867036, -21.3507739, 0.0 ], [ -58.3925205, -21.3506536, 0.0 ], [ -58.392475, -21.3547995, 0.0 ], [ -58.3868853, -21.3552003, 0.0 ], [ -58.3867036, -21.3507739, 0.0 ] ] ] } },
{ "type": "Feature", "properties": { "Name": "8F4" }, "geometry": { "type": "Polygon", "coordinates": [ [ [ -58.3960803, -21.354539, 0.0 ], [ -58.392475, -21.3547995, 0.0 ], [ -58.3925205, -21.3506536, 0.0 ], [ -58.3960632, -21.3504388, 0.0 ], [ -58.3960803, -21.354539, 0.0 ] ] ] } },
{ "type": "Feature", "properties": { "Name": "8G2" }, "geometry": { "type": "Polygon", "coordinates": [ [ [ -58.3867036, -21.3507739, 0.0 ], [ -58.3865269, -21.3463785, 0.0 ], [ -58.3924978, -21.3464204, 0.0 ], [ -58.3925205, -21.3506536, 0.0 ], [ -58.3867036, -21.3507739, 0.0 ] ] ] } },
{ "type": "Feature", "properties": { "Name": "8F3" }, "geometry": { "type": "Polygon", "coordinates": [ [ [ -58.3960632, -21.3504388, 0.0 ], [ -58.3925205, -21.3506536, 0.0 ], [ -58.3924978, -21.3464204, 0.0 ], [ -58.3961098, -21.3464509, 0.0 ], [ -58.3960632, -21.3504388, 0.0 ] ] ] } },
{ "type": "Feature", "properties": { "Name": "8F2" }, "geometry": { "type": "Polygon", "coordinates": [ [ [ -58.4021844, -21.3502229, 0.0 ], [ -58.3960632, -21.3504388, 0.0 ], [ -58.3961098, -21.3464509, 0.0 ], [ -58.4021639, -21.3464311, 0.0 ], [ -58.4021844, -21.3502229, 0.0 ] ] ] } },
{ "type": "Feature", "properties": { "Name": "8 E3" }, "geometry": { "type": "Polygon", "coordinates": [ [ [ -58.4066296, -21.3463816, 0.0 ], [ -58.4069114, -21.3499415, 0.0 ], [ -58.4021844, -21.3502229, 0.0 ], [ -58.4021639, -21.3464311, 0.0 ], [ -58.4066296, -21.3463816, 0.0 ] ] ] } },
{ "type": "Feature", "properties": { "Name": "8 E4" }, "geometry": { "type": "Polygon", "coordinates": [ [ [ -58.4069114, -21.3499415, 0.0 ], [ -58.4072237, -21.3537597, 0.0 ], [ -58.40218, -21.3541163, 0.0 ], [ -58.4021844, -21.3502229, 0.0 ], [ -58.4069114, -21.3499415, 0.0 ] ] ] } },
{ "type": "Feature", "properties": { "Name": "8 E1" }, "geometry": { "type": "Polygon", "coordinates": [ [ [ -58.4069114, -21.3499415, 0.0 ], [ -58.4129911, -21.3495708, 0.0 ], [ -58.4133068, -21.3533217, 0.0 ], [ -58.4072237, -21.3537597, 0.0 ], [ -58.4069114, -21.3499415, 0.0 ] ] ] } },
{ "type": "Feature", "properties": { "Name": "8C3" }, "geometry": { "type": "Polygon", "coordinates": [ [ [ -58.4266928, -21.3486179, 0.0 ], [ -58.4215135, -21.34898, 0.0 ], [ -58.4215116, -21.3455496, 0.0 ], [ -58.426635, -21.3452297, 0.0 ], [ -58.4266928, -21.3486179, 0.0 ] ] ] } },
{ "type": "Feature", "properties": { "Name": "8 E2" }, "geometry": { "type": "Polygon", "coordinates": [ [ [ -58.4129911, -21.3495708, 0.0 ], [ -58.4069114, -21.3499415, 0.0 ], [ -58.4066296, -21.3463816, 0.0 ], [ -58.4096196, -21.3464013, 0.0 ], [ -58.4105907, -21.3464565, 0.0 ], [ -58.4117921, -21.3468832, 0.0 ], [ -58.4127993, -21.3474638, 0.0 ], [ -58.4129911, -21.3495708, 0.0 ] ] ] } },
{ "type": "Feature", "properties": { "Name": "8C4" }, "geometry": { "type": "Polygon", "coordinates": [ [ [ -58.4215404, -21.3527633, 0.0 ], [ -58.4215135, -21.34898, 0.0 ], [ -58.4266928, -21.3486179, 0.0 ], [ -58.4267599, -21.3524616, 0.0 ], [ -58.4215404, -21.3527633, 0.0 ] ] ] } },
{ "type": "Feature", "properties": { "Name": "8D4" }, "geometry": { "type": "Polygon", "coordinates": [ [ [ -58.4129911, -21.3495708, 0.0 ], [ -58.417429, -21.3492665, 0.0 ], [ -58.4175234, -21.3530285, 0.0 ], [ -58.4133068, -21.3533217, 0.0 ], [ -58.4129911, -21.3495708, 0.0 ] ] ] } },
{ "type": "Feature", "properties": { "Name": "8C1" }, "geometry": { "type": "Polygon", "coordinates": [ [ [ -58.4266928, -21.3486179, 0.0 ], [ -58.4321453, -21.3482365, 0.0 ], [ -58.4321677, -21.3519933, 0.0 ], [ -58.4267599, -21.3524616, 0.0 ], [ -58.4266928, -21.3486179, 0.0 ] ] ] } },
{ "type": "Feature", "properties": { "Name": "8B3" }, "geometry": { "type": "Polygon", "coordinates": [ [ [ -58.4384743, -21.347859, 0.0 ], [ -58.432145, -21.3481521, 0.0 ], [ -58.4321205, -21.3448754, 0.0 ], [ -58.4382275, -21.3443592, 0.0 ], [ -58.4384743, -21.347859, 0.0 ] ] ] } },
{ "type": "Feature", "properties": { "Name": "8C2" }, "geometry": { "type": "Polygon", "coordinates": [ [ [ -58.4266928, -21.3486179, 0.0 ], [ -58.426635, -21.3452297, 0.0 ], [ -58.4321205, -21.3448754, 0.0 ], [ -58.4321453, -21.3482365, 0.0 ], [ -58.4266928, -21.3486179, 0.0 ] ] ] } },
{ "type": "Feature", "properties": { "Name": "8B4" }, "geometry": { "type": "Polygon", "coordinates": [ [ [ -58.432145, -21.3481521, 0.0 ], [ -58.4384743, -21.347859, 0.0 ], [ -58.4387377, -21.3515429, 0.0 ], [ -58.4321677, -21.3519933, 0.0 ], [ -58.432145, -21.3481521, 0.0 ] ] ] } },
{ "type": "Feature", "properties": { "Name": "8B1" }, "geometry": { "type": "Polygon", "coordinates": [ [ [ -58.4387377, -21.3515429, 0.0 ], [ -58.4384743, -21.347859, 0.0 ], [ -58.4438354, -21.3474882, 0.0 ], [ -58.444204, -21.3511518, 0.0 ], [ -58.4387377, -21.3515429, 0.0 ] ] ] } },
{ "type": "Feature", "properties": { "Name": "8B2" }, "geometry": { "type": "Polygon", "coordinates": [ [ [ -58.4384743, -21.347859, 0.0 ], [ -58.4382275, -21.3443592, 0.0 ], [ -58.4434984, -21.3439587, 0.0 ], [ -58.4438354, -21.3474882, 0.0 ], [ -58.4384743, -21.347859, 0.0 ] ] ] } },
{ "type": "Feature", "properties": { "Name": "8A3" }, "geometry": { "type": "Polygon", "coordinates": [ [ [ -58.4434984, -21.3439587, 0.0 ], [ -58.4479664, -21.3435757, 0.0 ], [ -58.4485988, -21.3471766, 0.0 ], [ -58.4438354, -21.3474882, 0.0 ], [ -58.4434984, -21.3439587, 0.0 ] ] ] } },
{ "type": "Feature", "properties": { "Name": "8A4" }, "geometry": { "type": "Polygon", "coordinates": [ [ [ -58.4438354, -21.3474882, 0.0 ], [ -58.4485988, -21.3471766, 0.0 ], [ -58.4492416, -21.3508518, 0.0 ], [ -58.444204, -21.3511518, 0.0 ], [ -58.4438354, -21.3474882, 0.0 ] ] ] } },
{ "type": "Feature", "properties": { "Name": "8A2" }, "geometry": { "type": "Polygon", "coordinates": [ [ [ -58.4485988, -21.3471766, 0.0 ], [ -58.4479664, -21.3435757, 0.0 ], [ -58.4533608, -21.343172, 0.0 ], [ -58.4536798, -21.3468457, 0.0 ], [ -58.4485988, -21.3471766, 0.0 ] ] ] } },
{ "type": "Feature", "properties": { "Name": "8P3" }, "geometry": { "type": "Polygon", "coordinates": [ [ [ -58.3830744, -21.364768, 0.0 ], [ -58.3863373, -21.3646845, 0.0 ], [ -58.3864591, -21.3677537, 0.0 ], [ -58.3874277, -21.3696752, 0.0 ], [ -58.3884362, -21.3705294, 0.0 ], [ -58.3899371, -21.3706867, 0.0 ], [ -58.3923099, -21.3693194, 0.0 ], [ -58.3923104, -21.3770427, 0.0 ], [ -58.3833942, -21.3770202, 0.0 ], [ -58.3830744, -21.364768, 0.0 ] ] ] } },
{ "type": "Feature", "properties": { "Name": "8P1" }, "geometry": { "type": "Polygon", "coordinates": [ [ [ -58.4153027, -21.3769549, 0.0 ], [ -58.4018203, -21.3770668, 0.0 ], [ -58.4017559, -21.3660562, 0.0 ], [ -58.402325, -21.3688173, 0.0 ], [ -58.4033764, -21.370356, 0.0 ], [ -58.4058226, -21.3721744, 0.0 ], [ -58.4096206, -21.3734332, 0.0 ], [ -58.411341, -21.3741419, 0.0 ], [ -58.4150597, -21.3740198, 0.0 ], [ -58.4153027, -21.3769549, 0.0 ] ] ] } },
{ "type": "Feature", "properties": { "Name": "8P2" }, "geometry": { "type": "Polygon", "coordinates": [ [ [ -58.4017559, -21.3660562, 0.0 ], [ -58.4018203, -21.3770668, 0.0 ], [ -58.3923104, -21.3770427, 0.0 ], [ -58.3923099, -21.3693194, 0.0 ], [ -58.3962516, -21.3675808, 0.0 ], [ -58.3966003, -21.3670512, 0.0 ], [ -58.3967397, -21.3667765, 0.0 ], [ -58.3965275, -21.3664683, 0.0 ], [ -58.3960929, -21.3663784, 0.0 ], [ -58.3956316, -21.3659238, 0.0 ], [ -58.3949879, -21.3652244, 0.0 ], [ -58.3941564, -21.3645011, 0.0 ], [ -58.3969391, -21.3644556, 0.0 ], [ -58.3979015, -21.3657035, 0.0 ], [ -58.3985409, -21.3658207, 0.0 ], [ -58.4005132, -21.3647514, 0.0 ], [ -58.4013768, -21.3650761, 0.0 ], [ -58.4017559, -21.3660562, 0.0 ] ] ] } },
{ "type": "Feature", "properties": { "Name": "8Q" }, "geometry": { "type": "Polygon", "coordinates": [ [ [ -58.456006, -21.3627547, 0.0 ], [ -58.4573132, -21.376775, 0.0 ], [ -58.4465824, -21.3768102, 0.0 ], [ -58.4454288, -21.3635428, 0.0 ], [ -58.456006, -21.3627547, 0.0 ] ] ] } },
{ "type": "Feature", "properties": { "Name": "8J" }, "geometry": { "type": "Polygon", "coordinates": [ [ [ -58.4442097, -21.3513001, 0.0 ], [ -58.4453565, -21.3634573, 0.0 ], [ -58.4322783, -21.3645727, 0.0 ], [ -58.4322708, -21.3633804, 0.0 ], [ -58.4322199, -21.3614219, 0.0 ], [ -58.4312048, -21.3614686, 0.0 ], [ -58.4312408, -21.3522233, 0.0 ], [ -58.4442097, -21.3513001, 0.0 ] ] ] } },
{ "type": "Feature", "properties": { "Name": "8R" }, "geometry": { "type": "Polygon", "coordinates": [ [ [ -58.4323355, -21.3740901, 0.0 ], [ -58.433196, -21.3737972, 0.0 ], [ -58.4347624, -21.3727581, 0.0 ], [ -58.437099, -21.3703806, 0.0 ], [ -58.4373905, -21.3694908, 0.0 ], [ -58.4373798, -21.3685416, 0.0 ], [ -58.4368219, -21.3678722, 0.0 ], [ -58.4355943, -21.3668229, 0.0 ], [ -58.4343015, -21.3654491, 0.0 ], [ -58.4331851, -21.3649345, 0.0 ], [ -58.4322783, -21.3645727, 0.0 ], [ -58.4453628, -21.3635513, 0.0 ], [ -58.4465824, -21.3768102, 0.0 ], [ -58.4323126, -21.3768159, 0.0 ], [ -58.4323355, -21.3740901, 0.0 ] ] ] } },
{ "type": "Feature", "properties": { "Name": "8D3" }, "geometry": { "type": "Polygon", "coordinates": [ [ [ -58.4126821, -21.346095, 0.0 ], [ -58.4173415, -21.3457885, 0.0 ], [ -58.417429, -21.3492665, 0.0 ], [ -58.4129911, -21.3495708, 0.0 ], [ -58.4126821, -21.346095, 0.0 ] ] ] } },
{ "type": "Feature", "properties": { "Name": "8I" }, "geometry": { "type": "Polygon", "coordinates": [ [ [ -58.4454184, -21.3634722, 0.0 ], [ -58.444291, -21.3512942, 0.0 ], [ -58.4550077, -21.3505618, 0.0 ], [ -58.4560055, -21.3626935, 0.0 ], [ -58.4454184, -21.3634722, 0.0 ] ] ] } },
{ "type": "Feature", "properties": { "Name": "8L" }, "geometry": { "type": "Polygon", "coordinates": [ [ [ -58.4141346, -21.3643267, 0.0 ], [ -58.4021631, -21.3643693, 0.0 ], [ -58.4021559, -21.35433, 0.0 ], [ -58.4131397, -21.3535371, 0.0 ], [ -58.4141346, -21.3643267, 0.0 ] ] ] } },
{ "type": "Feature", "properties": { "Name": "8F1" }, "geometry": { "type": "Polygon", "coordinates": [ [ [ -58.3960632, -21.3504388, 0.0 ], [ -58.4021844, -21.3502229, 0.0 ], [ -58.40218, -21.3541163, 0.0 ], [ -58.3960803, -21.354539, 0.0 ], [ -58.3960632, -21.3504388, 0.0 ] ] ] } },
{ "type": "Feature", "properties": { "Name": "8D2" }, "geometry": { "type": "Polygon", "coordinates": [ [ [ -58.417429, -21.3492665, 0.0 ], [ -58.4173415, -21.3457885, 0.0 ], [ -58.4215116, -21.3455496, 0.0 ], [ -58.4215135, -21.34898, 0.0 ], [ -58.417429, -21.3492665, 0.0 ] ] ] } },
{ "type": "Feature", "properties": { "Name": "9A" }, "geometry": { "type": "Polygon", "coordinates": [ [ [ -58.3676817, -21.3770633, 0.0 ], [ -58.3680089, -21.3728857, 0.0 ], [ -58.3692106, -21.3717667, 0.0 ], [ -58.3702788, -21.3714434, 0.0 ], [ -58.3708654, -21.3651798, 0.0 ], [ -58.3830858, -21.3652483, 0.0 ], [ -58.3833942, -21.3770202, 0.0 ], [ -58.3676817, -21.3770633, 0.0 ] ] ] } },
{ "type": "Feature", "properties": { "Name": "9B" }, "geometry": { "type": "Polygon", "coordinates": [ [ [ -58.3676817, -21.3770633, 0.0 ], [ -58.3558081, -21.3770621, 0.0 ], [ -58.3559442, -21.3694581, 0.0 ], [ -58.3564164, -21.3693431, 0.0 ], [ -58.3570762, -21.3685788, 0.0 ], [ -58.3571077, -21.3679159, 0.0 ], [ -58.3573116, -21.3674763, 0.0 ], [ -58.3577676, -21.3669617, 0.0 ], [ -58.3584236, -21.3653767, 0.0 ], [ -58.3589385, -21.3654766, 0.0 ], [ -58.3590244, -21.366156, 0.0 ], [ -58.3588956, -21.3668255, 0.0 ], [ -58.3593033, -21.367415, 0.0 ], [ -58.3606981, -21.3671252, 0.0 ], [ -58.3618139, -21.3669653, 0.0 ], [ -58.3626185, -21.3675748, 0.0 ], [ -58.3629804, -21.3684766, 0.0 ], [ -58.3634954, -21.3698005, 0.0 ], [ -58.3647184, -21.3710743, 0.0 ], [ -58.3646702, -21.371504, 0.0 ], [ -58.3639406, -21.3724881, 0.0 ], [ -58.3637207, -21.372593, 0.0 ], [ -58.3636295, -21.3728727, 0.0 ], [ -58.3635812, -21.3732324, 0.0 ], [ -58.3638972, -21.3737522, 0.0 ], [ -58.3638516, -21.3739195, 0.0 ], [ -58.3639642, -21.3741593, 0.0 ], [ -58.3640291, -21.3743487, 0.0 ], [ -58.3639244, -21.3747658, 0.0 ], [ -58.3640398, -21.375133, 0.0 ], [ -58.3644743, -21.3753278, 0.0 ], [ -58.3652361, -21.3754602, 0.0 ], [ -58.3657618, -21.3759822, 0.0 ], [ -58.367178, -21.3758623, 0.0 ], [ -58.3677895, -21.3757225, 0.0 ], [ -58.3676817, -21.3770633, 0.0 ] ] ] } },
{ "type": "Feature", "properties": { "Name": "9C" }, "geometry": { "type": "Polygon", "coordinates": [ [ [ -58.3415387, -21.3628888, 0.0 ], [ -58.342175, -21.3626095, 0.0 ], [ -58.3420958, -21.3586665, 0.0 ], [ -58.3438784, -21.3585005, 0.0 ], [ -58.3454522, -21.3601451, 0.0 ], [ -58.3466736, -21.3612321, 0.0 ], [ -58.3502876, -21.3621418, 0.0 ], [ -58.3485152, -21.368017, 0.0 ], [ -58.3487405, -21.3686165, 0.0 ], [ -58.3496042, -21.3699903, 0.0 ], [ -58.3523127, -21.371368, 0.0 ], [ -58.3533695, -21.3719125, 0.0 ], [ -58.3540293, -21.3718676, 0.0 ], [ -58.3548461, -21.3701863, 0.0 ], [ -58.3552485, -21.3696667, 0.0 ], [ -58.3559442, -21.3694581, 0.0 ], [ -58.3558081, -21.3770621, 0.0 ], [ -58.3407872, -21.3770904, 0.0 ], [ -58.3415387, -21.3628888, 0.0 ] ] ] } },
{ "type": "Feature", "properties": { "Name": "9F" }, "geometry": { "type": "Polygon", "coordinates": [ [ [ -58.3095447, -21.3641915, 0.0 ], [ -58.3119342, -21.3646676, 0.0 ], [ -58.3191086, -21.36125, 0.0 ], [ -58.3195168, -21.3770973, 0.0 ], [ -58.3090986, -21.3771049, 0.0 ], [ -58.3095447, -21.3641915, 0.0 ] ] ] } },
{ "type": "Feature", "properties": { "Name": "9E" }, "geometry": { "type": "Polygon", "coordinates": [ [ [ -58.3191032, -21.3610471, 0.0 ], [ -58.3226997, -21.3627124, 0.0 ], [ -58.3263949, -21.3644204, 0.0 ], [ -58.3298819, -21.3660463, 0.0 ], [ -58.3263825, -21.3770952, 0.0 ], [ -58.3195168, -21.3770973, 0.0 ], [ -58.3191032, -21.3610471, 0.0 ] ] ] } },
{ "type": "Feature", "properties": { "Name": "9D" }, "geometry": { "type": "Polygon", "coordinates": [ [ [ -58.3358987, -21.3654296, 0.0 ], [ -58.3319892, -21.3637145, 0.0 ], [ -58.3351878, -21.3627894, 0.0 ], [ -58.3376332, -21.3630319, 0.0 ], [ -58.3398895, -21.3616019, 0.0 ], [ -58.3415387, -21.3628888, 0.0 ], [ -58.3407872, -21.3770904, 0.0 ], [ -58.3263825, -21.3770952, 0.0 ], [ -58.3287692, -21.3695529, 0.0 ], [ -58.3338182, -21.3695405, 0.0 ], [ -58.3358987, -21.3654296, 0.0 ] ] ] } },
{ "type": "Feature", "properties": { "Name": "9H2" }, "geometry": { "type": "Polygon", "coordinates": [ [ [ -58.2972553, -21.3599145, 0.0 ], [ -58.2971547, -21.359927, 0.0 ], [ -58.291087, -21.3596354, 0.0 ], [ -58.2790072, -21.3591661, 0.0 ], [ -58.2791091, -21.3585764, 0.0 ], [ -58.278975, -21.3584675, 0.0 ], [ -58.2778635, -21.3585455, 0.0 ], [ -58.2776827, -21.3586797, 0.0 ], [ -58.2775877, -21.3590563, 0.0 ], [ -58.2764762, -21.3589132, 0.0 ], [ -58.2768372, -21.35779, 0.0 ], [ -58.2749804, -21.3561094, 0.0 ], [ -58.275469, -21.3526906, 0.0 ], [ -58.2771916, -21.3507265, 0.0 ], [ -58.2776286, -21.3481111, 0.0 ], [ -58.2836642, -21.3497592, 0.0 ], [ -58.2883133, -21.3528377, 0.0 ], [ -58.2883468, -21.3528752, 0.0 ], [ -58.2909048, -21.3571177, 0.0 ], [ -58.2942538, -21.3546907, 0.0 ], [ -58.2964086, -21.3560905, 0.0 ], [ -58.2972553, -21.3599145, 0.0 ] ] ] } },
{ "type": "Feature", "properties": { "Name": "9H1" }, "geometry": { "type": "Polygon", "coordinates": [ [ [ -58.2873353, -21.3595829, 0.0 ], [ -58.2964706, -21.3600426, 0.0 ], [ -58.2975274, -21.360065, 0.0 ], [ -58.3004561, -21.3595223, 0.0 ], [ -58.3005021, -21.3771126, 0.0 ], [ -58.2870204, -21.377019, 0.0 ], [ -58.2873353, -21.3595829, 0.0 ] ] ] } },
{ "type": "Feature", "properties": { "Name": "9G" }, "geometry": { "type": "Polygon", "coordinates": [ [ [ -58.3044819, -21.3631977, 0.0 ], [ -58.3095447, -21.3641915, 0.0 ], [ -58.3090986, -21.3771049, 0.0 ], [ -58.3005021, -21.3771126, 0.0 ], [ -58.3004591, -21.3594226, 0.0 ], [ -58.3032192, -21.3596131, 0.0 ], [ -58.3044819, -21.3631977, 0.0 ] ] ] } },
{ "type": "Feature", "properties": { "Name": "9H3" }, "geometry": { "type": "Polygon", "coordinates": [ [ [ -58.278991, -21.359229, 0.0 ], [ -58.2873353, -21.3595829, 0.0 ], [ -58.2870204, -21.377019, 0.0 ], [ -58.2719695, -21.3770162, 0.0 ], [ -58.2722096, -21.3678131, 0.0 ], [ -58.2773664, -21.36018, 0.0 ], [ -58.2772841, -21.3606624, 0.0 ], [ -58.2773646, -21.3607648, 0.0 ], [ -58.278644, -21.3607123, 0.0 ], [ -58.2787513, -21.3606124, 0.0 ], [ -58.278991, -21.359229, 0.0 ] ] ] } },
{ "type": "Feature", "properties": { "Name": "9H4" }, "geometry": { "type": "Polygon", "coordinates": [ [ [ -58.2517148, -21.3770635, 0.0 ], [ -58.2517215, -21.377026, 0.0 ], [ -58.2593687, -21.3697874, 0.0 ], [ -58.2593725, -21.3696065, 0.0 ], [ -58.258818, -21.3677488, 0.0 ], [ -58.2621214, -21.3661536, 0.0 ], [ -58.2633005, -21.3666483, 0.0 ], [ -58.2706209, -21.3633366, 0.0 ], [ -58.270747, -21.3631105, 0.0 ], [ -58.2721898, -21.3600229, 0.0 ], [ -58.2764762, -21.3589132, 0.0 ], [ -58.2775962, -21.3590602, 0.0 ], [ -58.2773664, -21.36018, 0.0 ], [ -58.2722096, -21.3678131, 0.0 ], [ -58.2719695, -21.3770162, 0.0 ], [ -58.2517148, -21.3770635, 0.0 ] ] ] } },
{ "type": "Feature", "properties": { "Name": "10C" }, "geometry": { "type": "Polygon", "coordinates": [ [ [ -58.271108, -21.326112, 0.0 ], [ -58.270954, -21.327111, 0.0 ], [ -58.27073, -21.327139, 0.0 ], [ -58.257204, -21.332402, 0.0 ], [ -58.257204, -21.332522, 0.0 ], [ -58.257784, -21.333268, 0.0 ], [ -58.257337, -21.33354, 0.0 ], [ -58.263484, -21.342251, 0.0 ], [ -58.252083, -21.348196, 0.0 ], [ -58.24622, -21.339314, 0.0 ], [ -58.229023, -21.348316, 0.0 ], [ -58.228348, -21.339153, 0.0 ], [ -58.235903, -21.337144, 0.0 ], [ -58.238521, -21.337504, 0.0 ], [ -58.239722, -21.335665, 0.0 ], [ -58.237276, -21.333866, 0.0 ], [ -58.236632, -21.332707, 0.0 ], [ -58.234787, -21.332068, 0.0 ], [ -58.234401, -21.330828, 0.0 ], [ -58.235388, -21.329949, 0.0 ], [ -58.239379, -21.330588, 0.0 ], [ -58.241452, -21.332071, 0.0 ], [ -58.242042, -21.33309, 0.0 ], [ -58.242997, -21.33329, 0.0 ], [ -58.245632, -21.331236, 0.0 ], [ -58.247937, -21.327483, 0.0 ], [ -58.25237, -21.32575, 0.0 ], [ -58.253271, -21.322512, 0.0 ], [ -58.252885, -21.320474, 0.0 ], [ -58.25114, -21.31855, 0.0 ], [ -58.257778, -21.318561, 0.0 ], [ -58.259425, -21.322184, 0.0 ], [ -58.271527, -21.324422, 0.0 ], [ -58.271108, -21.326112, 0.0 ] ] ] } },
{ "type": "Feature", "properties": { "Name": "POTRERO 3" }, "geometry": { "type": "Polygon", "coordinates": [ [ [ -58.229023, -21.348316, 0.0 ], [ -58.211416, -21.361777, 0.0 ], [ -58.211288, -21.330061, 0.0 ], [ -58.212748, -21.329916, 0.0 ], [ -58.21352, -21.323999, 0.0 ], [ -58.215494, -21.323839, 0.0 ], [ -58.216524, -21.321201, 0.0 ], [ -58.218885, -21.322, 0.0 ], [ -58.219099, -21.32332, 0.0 ], [ -58.219872, -21.323999, 0.0 ], [ -58.217833, -21.329236, 0.0 ], [ -58.228348, -21.339153, 0.0 ], [ -58.228949, -21.347787, 0.0 ], [ -58.229023, -21.348316, 0.0 ] ] ] } },
{ "type": "Feature", "properties": { "Name": "10A" }, "geometry": { "type": "Polygon", "coordinates": [ [ [ -58.270954, -21.327111, 0.0 ], [ -58.271527, -21.324422, 0.0 ], [ -58.278258, -21.324192, 0.0 ], [ -58.287485, -21.320474, 0.0 ], [ -58.293579, -21.321954, 0.0 ], [ -58.298557, -21.324992, 0.0 ], [ -58.317526, -21.330189, 0.0 ], [ -58.327139, -21.340702, 0.0 ], [ -58.319843, -21.34402, 0.0 ], [ -58.317483, -21.340062, 0.0 ], [ -58.310512, -21.337897, 0.0 ], [ -58.300186, -21.342774, 0.0 ], [ -58.298085, -21.34094, 0.0 ], [ -58.296584, -21.335358, 0.0 ], [ -58.271188, -21.327155, 0.0 ], [ -58.27105, -21.327119, 0.0 ], [ -58.270954, -21.327111, 0.0 ] ] ] } },
{ "type": "Feature", "properties": { "Name": "CORRAL CENTRAL" }, "geometry": { "type": "Polygon", "coordinates": [ [ [ -58.5803572, -21.3081576, 0.0 ], [ -58.5806053, -21.308163, 0.0 ], [ -58.5806325, -21.3094311, 0.0 ], [ -58.5809329, -21.3099709, 0.0 ], [ -58.5809114, -21.3102008, 0.0 ], [ -58.5811272, -21.3102921, 0.0 ], [ -58.5812238, -21.3103771, 0.0 ], [ -58.5812541, -21.3108799, 0.0 ], [ -58.5806438, -21.3109224, 0.0 ], [ -58.5806461, -21.3108038, 0.0 ], [ -58.5806458, -21.3107359, 0.0 ], [ -58.5805854, -21.3107409, 0.0 ], [ -58.5805238, -21.3107009, 0.0 ], [ -58.5804043, -21.3106022, 0.0 ], [ -58.5803493, -21.310446, 0.0 ], [ -58.5804096, -21.3103262, 0.0 ], [ -58.5804498, -21.3102687, 0.0 ], [ -58.5805459, -21.3102261, 0.0 ], [ -58.5802709, -21.3100012, 0.0 ], [ -58.5803572, -21.3081576, 0.0 ] ] ] } },
{ "type": "Feature", "properties": { "Name": "CONFINAMIENTO B-8" }, "geometry": { "type": "Polygon", "coordinates": [ [ [ -58.5858925, -21.2960457, 0.0 ], [ -58.5858803, -21.2964762, 0.0 ], [ -58.5848946, -21.2964362, 0.0 ], [ -58.584896, -21.2959732, 0.0 ], [ -58.5858925, -21.2960457, 0.0 ] ] ] } },
{ "type": "Feature", "properties": { "Name": "CONFINAMIENTO A-8" }, "geometry": { "type": "Polygon", "coordinates": [ [ [ -58.5835645, -21.2959195, 0.0 ], [ -58.5845221, -21.295957, 0.0 ], [ -58.5845154, -21.296423, 0.0 ], [ -58.5835525, -21.2964043, 0.0 ], [ -58.5835645, -21.2959195, 0.0 ] ] ] } }
]
}
